"plot_ID";"Id_1er_Rel_Retour";"SOURCE";"Etude";"Groupe";"Vallee";"ClassementSimple_EcoplSophy_detailles";"ClassementType_Simple";"Foret(1) prairie(2)autre(3)Non déterminé(4)Aproblèmes(5)";"Selection_Rel_Ech=1: foret, 2 prairies";"Selection_AFC_Globale";"Nb_Esp_Rel_Flo";"Accompagnateur enseignant";"Qualité des reelvés: 1 bon, 2 A voir";"Ech_Haute_densite=2";"Rel_Partiel=2";"Date";"ANNEE";"X_L93";"Y_L93";"Lieu-dit";"precision localisation";"Qualité_Relocalisation";"X_L2";"Y_L2";"altitude MNT";"altitude terrain";"Altitude retenue";"expo_MNT";"Exposition_Terrain (°)";"pH_SIG";"Surface_relevé";"tmoy_6190_13";"prec_6190_13";"tmin_6190_1";"bhc_6190_7";"bhc_6190_veg38";"tmoy_9014_13";"prec_9014_13";"tmin_9014_1";"bhc_9014_7";"bhc_9014_veg38";"tmoy_1519_13";"prec_1519_13";"tmin_1519_1";"bhc_1519_7";"bhc_1519_veg38";"Remarques"
"1020002_22";"68274N-0710";"APT";"";1;"Thur";"Forets";"Forets";1;1;1;NA;"Dupouey";NA;1;1;"02/05/2022";2022;1003194;6757286;"Loeffelbach";6;2;NA;NA;NA;467;NA;NA;"45";"";400;"";NA;"";"";"";"";NA;"";"";"";"";NA;"";"";"";""
"1020003_22";"68274N-2710";"APT";"";1;"Thur";"Forets";"Forets";1;1;1;NA;"Dupouey";NA;1;1;"02/05/2022";2022;1003680;6757284;"Loeffelbach";6;2;NA;NA;NA;490;NA;NA;"355,5";"";400;"";NA;"";"";"";"";NA;"";"";"";"";NA;"";"";"";""
"1031303_22";"68270N-2810";"APT";"";1;"Thur";"Forets";"Forets";1;1;1;NA;"Gegout";NA;1;1;"03/05/2022";2022;1003657;6755438;"Allenbourn";6;3;NA;NA;NA;498;NA;NA;"121,5";"";400;"";NA;"";"";"";"";NA;"";"";"";"";NA;"";"";"";""
"1032501_22";"522241_15";"APT";"";1;"Thur";"Forets";"Forets";1;1;1;NA;"Gegout";NA;1;1;"03/05/2022";2022;1003437;6755322;"Allenbourn";6;1;NA;NA;NA;449;NA;NA;"180";"";400;"";NA;"";"";"";"";NA;"";"";"";"";NA;"";"";"";""
"1032502_22";"68378N425-0";"APT";"";1;"Thur";"Forets";"Forets";1;1;1;NA;"Gegout";NA;1;1;"03/05/2022";2022;1003423;6755412;"Alenbourn";6;1;NA;NA;NA;469;NA;NA;"112,5";"";400;"";NA;"";"";"";"";NA;"";"";"";"";NA;"";"";"";""
"1032503_22";"JB_94207903";"APT";"";1;"Thur";"Forets";"Forets";1;1;1;NA;"-2";NA;1;1;"03/05/2022";2022;1002920;6755250;"Allenbourn";6;1;NA;NA;NA;567;NA;NA;"171";"";400;"";NA;"";"";"";"";NA;"";"";"";"";NA;"";"";"";""
"1041501_22";"3051_01";"APT";"";1;"Thur";"Forets";"Forets";1;1;1;NA;"-2";NA;1;1;"04/05/2022";2022;996428;6760962;"Seewaldkopf";6;2;NA;NA;NA;688;NA;NA;"298,8";"";400;"";NA;"";"";"";"";NA;"";"";"";"";NA;"";"";"";""
"1041502_22";"3052_01";"APT";"";1;"Thur";"Forets";"Forets";1;1;1;NA;"-2";NA;1;1;"04/05/2022";2022;995469;6761073;"Seewaldkopf";6;2;NA;NA;NA;680;NA;NA;"292,5";"";400;"";NA;"";"";"";"";NA;"";"";"";"";NA;"";"";"";""
"1041503_22";"3054_01";"APT";"";1;"Thur";"Forets";"Forets";1;1;1;NA;"-2";NA;1;1;"04/05/2022";2022;996423;6761254;"Seewald";6;3;NA;NA;NA;606;NA;NA;"339,3";"";400;"";NA;"";"";"";"";NA;"";"";"";"";NA;"";"";"";""
"1041504_22";"Vos015";"APT";"";1;"Thur";"Forets";"Forets";1;1;1;NA;"-2";NA;1;1;"04/05/2022";2022;996526;6761522;"Seewald";6;2;NA;NA;NA;470;NA;NA;"324,9";"";400;"";NA;"";"";"";"";NA;"";"";"";"";NA;"";"";"";""
"1051301_22";"730421_17";"APT";"";1;"Thur";"Forets";"Forets";1;1;1;NA;"-2";NA;1;1;"05/05/2022";2022;1007454;6754684;"Kattenbach";6;2;NA;NA;NA;344;NA;NA;"99,9";"";400;"";NA;"";"";"";"";NA;"";"";"";"";NA;"";"";"";""
"1051302_22";"3101_01";"APT";"";1;"Thur";"Forets";"Forets";1;1;1;NA;"-2";NA;1;1;"05/05/2022";2022;1007770;6755023;"Ihlersthal";6;2;NA;NA;NA;453;NA;NA;"214,2";"";400;"";NA;"";"";"";"";NA;"";"";"";"";NA;"";"";"";""
"1051303_22";"68390N406-0";"APT";"";1;"Thur";"Forets";"Forets";1;1;1;NA;"-2";NA;1;1;"05/05/2022";2022;1007926;6754747;"Waldkapelle";6;2;NA;NA;NA;545;NA;NA;"332,1";"";400;"";NA;"";"";"";"";NA;"";"";"";"";NA;"";"";"";""
"1052403_22";"22011_14";"APT";"";1;"Thur";"Forets";"Forets";1;1;1;NA;"-2";NA;1;1;"05/05/2022";2022;1006586;6762899;"Bieswald";6;2;NA;NA;NA;1266;NA;NA;"243";"";400;"";NA;"";"";"";"";NA;"";"";"";"";NA;"";"";"";""
"1055601_22";"68380N464-0";"APT";"";1;"Thur";"Forets";"Forets";1;1;1;NA;"-2";NA;1;1;"05/05/2022";2022;1007003;6761016;"Goldbach";6;3;NA;NA;NA;761;NA;NA;"157,5";"";400;"";NA;"";"";"";"";NA;"";"";"";"";NA;"";"";"";""
"1061201_22";"JB-94207923";"APT";"";1;"Thur";"Forets";"Forets";1;1;1;NA;"Dupouey";NA;1;1;"06/05/2022";2022;996241;6770416;"Bois de Wildenstein";6;1;NA;NA;NA;817;NA;NA;"0";"";400;"";NA;"";"";"";"";NA;"";"";"";"";NA;"";"";"";""
"1061202_22";"68340N401-0";"APT";"";1;"Thur";"Forets";"Forets";1;1;1;NA;"Dupouey";NA;1;1;"06/05/2022";2022;995551;6770493;"Ober Gerstenbach";6;3;NA;NA;NA;650;NA;NA;"324";"";400;"";NA;"";"";"";"";NA;"";"";"";"";NA;"";"";"";""
"1063401_22";"68228N-8310";"APT";"";1;"Thur";"Forets";"Forets";1;1;1;NA;"-2";NA;1;1;"06/05/2022";2022;992799;6768620;"Petit Ventron";6;2;NA;NA;NA;1136;NA;NA;"45";"";400;"";NA;"";"";"";"";NA;"";"";"";"";NA;"";"";"";""
"1063402_22";"JB_94207949";"APT";"";1;"Thur";"Forets";"Forets";1;1;1;NA;"-2";NA;1;1;"06/05/2022";2022;993207;6768708;"Petit Ventron";6;1;NA;NA;NA;1006;NA;NA;"76,5";"";400;"";NA;"";"";"";"";NA;"";"";"";"";NA;"";"";"";""
"1063403_22";"68238N-0310";"APT";"";1;"Thur";"Forets";"Forets";1;1;1;NA;"-2";NA;1;1;"06/05/2022";2022;993333;6768594;"Petit Ventron";6;3;NA;NA;NA;988;NA;NA;"72";"";400;"";NA;"";"";"";"";NA;"";"";"";"";NA;"";"";"";""
"1063404_22";"68238N-2310";"APT";"";1;"Thur";"Forets";"Forets";1;1;1;NA;"-2";NA;1;1;"06/05/2022";2022;993839;6768626;"Petit Ventron";6;3;NA;NA;NA;870;NA;NA;"118,8";"";400;"";NA;"";"";"";"";NA;"";"";"";"";NA;"";"";"";""
"1065601_22";"31004_09";"APT";"";1;"Thur";"Forets";"Forets";1;1;1;NA;"-2";NA;1;1;"06/05/2022";2022;996593;6769142;"Wingwald";6;2;NA;NA;NA;851;NA;NA;"333";"";400;"";NA;"";"";"";"";NA;"";"";"";"";NA;"";"";"";""
"1065602_22";"68246N-2310";"APT";"";1;"Thur";"Forets";"Forets";1;1;1;NA;"-2";NA;1;1;"06/05/2022";2022;996336;6769237;"Wingwald";6;2;NA;NA;NA;761;NA;NA;"346,5";"";400;"";NA;"";"";"";"";NA;"";"";"";"";NA;"";"";"";""
"1065603_22";"68246N-0310";"APT";"";1;"Thur";"Forets";"Forets";1;1;1;NA;"Dupouey";NA;1;1;"06/05/2022";2022;995801;6769217;"Wingwald";6;2;NA;NA;NA;623;NA;NA;"229,5";"";400;"";NA;"";"";"";"";NA;"";"";"";"";NA;"";"";"";""
"1065604_22";"520821_15";"APT";"";1;"Thur";"Forets";"Forets";1;1;1;NA;"Dupouey";NA;1;1;"06/05/2022";2022;996044;6769161;"Wingwald";6;2;NA;NA;NA;685;NA;NA;"283,5";"";400;"";NA;"";"";"";"";NA;"";"";"";"";NA;"";"";"";""
"10841_13";"-2";"APT";"";4;"Thur";"Forets";"Forets";1;1;1;15;NA;2;1;1;"";2013;992026;6759513;"";7;NA;941806;2329006;1205;1212;1212;190;"";"4,273828506";NA;"5,83";2160;"-5,13";"3,769333839";"423,7609863";"6,9";2222;"-4,11";"18,63400078";"364,9675903";"7,75";2008;"-4,08";"-54,36999893";"262,5140076";""
"1091602_22";"68348N444-0";"APT";"";1;"Thur";"Forets";"Forets";1;1;1;NA;"-2";NA;1;1;"09/05/2022";2022;996457;675858;"Place des tilleuls";6;2;NA;NA;NA;455;NA;NA;"-2";"";400;"";NA;"";"";"";"";NA;"";"";"";"";NA;"";"";"";""
"1091603_22";"620151_16";"APT";"";1;"Thur";"Forets";"Forets";1;1;1;NA;"-2";NA;1;1;"09/05/2022";2022;996290;6758684;"Place des tilleuils";6;3;NA;NA;NA;622;NA;NA;"111,6";"";400;"";NA;"";"";"";"";NA;"";"";"";"";NA;"";"";"";""
"1092501_22";"3005_01";"APT";"";1;"Thur";"Forets";"Forets";1;1;1;NA;"-2";NA;1;1;"09/05/2022";2022;992912;6759452;"Neufs bois";6;2;NA;NA;NA;1004;NA;NA;"180";"";400;"";NA;"";"";"";"";NA;"";"";"";"";NA;"";"";"";""
"1092502_22";"-1";"APT";"";1;"Thur";"Forets";"Forets";1;1;1;NA;"-2";NA;1;1;"09/05/2022";2022;992134;6759071;"Neuwald";6;0;NA;NA;NA;1066;NA;NA;"97,2";"";400;"";NA;"";"";"";"";NA;"";"";"";"";NA;"";"";"";""
"1092504_22";"3001_01";"APT";"";1;"Thur";"Forets";"Forets";1;1;1;NA;"-2";NA;1;1;"09/05/2022";2022;993011;6759006;"Ruisseau de la cuisine du diable";6;2;NA;NA;NA;738;NA;NA;"85,5";"";400;"";NA;"";"";"";"";NA;"";"";"";"";NA;"";"";"";""
"1093401_22";"68288N-0810";"APT";"";1;"Thur";"Forets";"Forets";1;1;1;NA;"-2";NA;1;1;"09/05/2022";2022;1005650;6752855;"Bonnefontain";6;2;NA;NA;NA;426;NA;NA;"3,6";"";400;"";NA;"";"";"";"";NA;"";"";"";"";NA;"";"";"";""
"1093402_22";"620141_16";"APT";"";1;"Thur";"Forets";"Forets";1;1;1;NA;"-2";NA;1;1;"09/05/2022";2022;1005309;6752886;"Bonnefontaine";6;2;NA;NA;NA;424;NA;NA;"27";"";400;"";NA;"";"";"";"";NA;"";"";"";"";NA;"";"";"";""
"1102303_22";"-1";"APT";"";1;"Thur";"Forets";"Forets";1;1;1;NA;"-2";NA;1;1;"10/05/2022";2022;1001181;6754836;"Thanner-Huble";6;0;NA;NA;NA;1168;NA;NA;"97,2";"";400;"";NA;"";"";"";"";NA;"";"";"";"";NA;"";"";"";""
"1104602_22";"V0S132";"APT";"";1;"Thur";"Forets";"Forets";1;1;1;NA;"-2";NA;1;1;"10/05/2022";2022;1001966;6755363;"Willerloch";6;2;NA;NA;NA;802;NA;NA;"346,5";"";400;"";NA;"";"";"";"";NA;"";"";"";"";NA;"";"";"";""
"1104603_22";"68262N-6810";"APT";"";1;"Thur";"Forets";"Forets";1;1;1;NA;"-2";NA;1;1;"10/05/2022";2022;1002152;6754683;"Willerloch";6;2;NA;NA;NA;763;NA;NA;"112,5";"";400;"";NA;"";"";"";"";NA;"";"";"";"";NA;"";"";"";""
"1111301_22";"S1981T3R2";"APT";"";1;"Thur";"Forets";"Forets";1;1;1;NA;"-2";NA;1;1;"11/05/2022";2022;995388;6766270;"Seewald";6;4;NA;NA;NA;520;NA;NA;"73,8";"";400;"";NA;"";"";"";"";NA;"";"";"";"";NA;"";"";"";""
"1112601_22";"68252N-6410";"APT";"";1;"Thur";"Forets";"Forets";1;1;1;NA;"-2";NA;1;1;"11/05/2022";2022;999767;6767310;"Schindelruecken";6;2;NA;NA;NA;1117;NA;NA;"288";"";400;"";NA;"";"";"";"";NA;"";"";"";"";NA;"";"";"";""
"1112602_22";"620911_16";"APT";"";1;"Thur";"Forets";"Forets";1;1;1;NA;"-2";NA;1;1;"11/05/2022";2022;999630;6767174;"Schindelrueken";6;3;NA;NA;NA;1095;NA;NA;"252";"";400;"";NA;"";"";"";"";NA;"";"";"";"";NA;"";"";"";""
"1112603_22";"68254N-4410";"APT";"";1;"Thur";"Forets";"Forets";1;1;1;NA;"-2";NA;1;1;"11/05/2022";2022;999279;6766698;"Schindelrue";6;2;NA;NA;NA;1064;NA;NA;"247,5";"";400;"";NA;"";"";"";"";NA;"";"";"";"";NA;"";"";"";""
"1114501_22";"68232N-4510";"APT";"";1;"Thur";"Forets";"Forets";1;1;1;NA;"-2";NA;1;1;"11/05/2022";2022;994245;6764238;"Langenbach";6;2;NA;NA;NA;853;NA;NA;"29,7";"";400;"";NA;"";"";"";"";NA;"";"";"";"";NA;"";"";"";""
"20341_14";"-2";"APT";"";4;"Thur";"Forets";"Forets";1;1;1;39;"Jauzein, Lebourgeois";1;1;1;"";2014;1000152;6755427;"";5;NA;NA;NA;965;982;982;107;"";"4,72709465";NA;"5,74";1653;"-5,37";"-10,75099945";"268,8493347";"6,8";1663;"-4,38";"-5,184800148";"195,9900055";"7,75";1599;"-4,36";"-69,81600189";"148,7259979";""
"20421_14";"-2";"APT";"";4;"Thur";"Forets";"Forets";1;1;1;7;"Lebourgeois";1;1;1;"";2014;999904;6755628;"";5;NA;NA;NA;1057;1060;1060;103;"";"4,680514812";NA;"6,29";1487;"-5,24";"-12,28999996";"225,8716736";"7,3";1477;"-4,33";"-9,636799812";"142,7503967";"8,43";1435;"-4,25";"-78,34600067";"81,44400787";""
"20511_14";"-2";"APT";"";4;"Thur";"Forets";"Forets";1;1;1;30;NA;2;1;1;"";2014;1008597;6755031;"";5;NA;NA;NA;544;563;563;156;"";"5,372209072";NA;"8,53";1147;"-3,04";"-52,47966766";"-52,18233109";"9,67";1138;"-1,72";"-56,48479843";"-111,1623993";"10,49";1052;"-1,27";"-98,7539978";"-177,5240021";""
"20521_14";"-2";"APT";"";4;"Thur";"Forets";"Forets";1;1;1;29;NA;2;1;1;"";2014;1008927;6754322;"";5;NA;NA;NA;397;427;427;131;"";"4,880045414";NA;"9,04";1093;"-2,63";"-57,19166565";"-85,11399841";"10,18";1082;"-1,29";"-61,59119797";"-143,1564026";"10,99";1007;"-0,76";"-101,7519989";"-205,2100067";""
"20611_14";"-2";"APT";"";4;"Thur";"Forets";"Forets";1;1;1;14;"Gegout";1;1;1;"";2014;1009078;6754529;"";5;NA;NA;NA;484;625;625;203;"";"5,391747475";NA;"8,53";1147;"-3,04";"-52,47966766";"-52,18233109";"9,67";1138;"-1,72";"-56,48479843";"-111,1623993";"10,49";1052;"-1,27";"-98,7539978";"-177,5240021";""
"20621_14";"-2";"APT";"";4;"Thur";"Forets";"Forets";1;1;1;36;"Gegout";1;1;1;"";2014;1009085;6754586;"";5;NA;NA;NA;493;594;594;227;"";"5,34298563";NA;"8,53";1147;"-3,04";"-52,47966766";"-52,18233109";"9,67";1138;"-1,72";"-56,48479843";"-111,1623993";"10,49";1052;"-1,27";"-98,7539978";"-177,5240021";""
"20631_14";"-2";"APT";"";4;"Thur";"Forets";"Forets";1;1;1;29;"Gegout";1;1;1;"";2014;1009124;6754783;"";5;NA;NA;NA;550;550;550;209;"";"5,398635864";NA;"8,53";1147;"-3,04";"-52,47966766";"-52,18233109";"9,67";1138;"-1,72";"-56,48479843";"-111,1623993";"10,49";1052;"-1,27";"-98,7539978";"-177,5240021";""
"20641_14";"-2";"APT";"";4;"Thur";"Forets";"Forets";1;1;1;39;"Gegout";1;1;1;"";2014;1009164;6754948;"";5;NA;NA;NA;612;686;686;91;"";"5,034419537";NA;"8,53";1147;"-3,04";"-52,47966766";"-52,18233109";"9,67";1138;"-1,72";"-56,48479843";"-111,1623993";"10,49";1052;"-1,27";"-98,7539978";"-177,5240021";""
"20651_14";"-2";"APT";"";4;"Thur";"Forets";"Forets";1;1;1;20;"Gegout";1;1;1;"";2014;1007292;6755859;"";5;NA;NA;NA;522;530;530;196;"";"4,931567669";NA;"8,12";1240;"-3,42";"-45,71466827";"-4,498000145";"9,25";1232;"-2,14";"-48,99079895";"-68,35759735";"10,1";1141;"-1,75";"-96,23600006";"-138,7519989";""
"20661_14";"-2";"APT";"";4;"Thur";"Forets";"Forets";1;1;1;42;NA;2;1;1;"";2014;1007747;6755942;"";5;NA;NA;NA;569;580;580;237;"";"5,226090431";NA;"8,12";1240;"-3,42";"-45,71466827";"-4,498000145";"9,25";1232;"-2,14";"-48,99079895";"-68,35759735";"10,1";1141;"-1,75";"-96,23600006";"-138,7519989";""
"20671_14";"-2";"APT";"";4;"Thur";"Forets";"Forets";1;1;1;16;NA;2;1;1;"";2014;1007717;6755964;"";5;NA;NA;NA;586;585;585;156;"";"5,253264904";NA;"8,12";1240;"-3,42";"-45,71466827";"-4,498000145";"9,25";1232;"-2,14";"-48,99079895";"-68,35759735";"10,1";1141;"-1,75";"-96,23600006";"-138,7519989";""
"20681_14";"-2";"APT";"";4;"Thur";"Forets";"Forets";1;1;1;28;NA;2;1;1;"";2014;1007665;6755902;"";5;NA;NA;NA;577;610;610;150;"";"5,297107697";NA;"8,12";1240;"-3,42";"-45,71466827";"-4,498000145";"9,25";1232;"-2,14";"-48,99079895";"-68,35759735";"10,1";1141;"-1,75";"-96,23600006";"-138,7519989";""
"20691_14";"-2";"APT";"";4;"Thur";"Forets";"Forets";1;1;1;17;NA;2;1;1;"";2014;1008213;6754993;"";5;NA;NA;NA;596;625;625;215;"";"5,326126099";NA;"8,62";1175;"-3,04";"-49,07033157";"-33,48399734";"9,75";1163;"-1,74";"-53,46120071";"-94,65599823";"10,6";1072;"-1,28";"-97,90599823";"-166,9119873";""
"20711_14";"-2";"APT";"";4;"Thur";"Forets";"Forets";1;1;1;32;"Jabiol";1;1;1;"";2014;1004179;6758104;"";5;NA;NA;NA;475;476;476;176;"";"5,411001205";NA;"8,89";1424;"-2,9";"-41,79633331";"44,88399887";"10";1414;"-1,64";"-44,96520233";"-22,14920235";"10,88";1298;"-1,16";"-91,0719986";"-111,7799988";""
"20721_14";"-2";"APT";"";4;"Thur";"Forets";"Forets";1;1;1;10;"Jabiol";1;1;1;"";2014;1004245;6758111;"";5;NA;NA;NA;468;473;473;212;"";"5,506205559";NA;"8,75";1449;"-2,93";"-41,95966721";"44,4679985";"9,87";1440;"-1,63";"-45,23120117";"-22,22920036";"10,71";1318;"-1,17";"-90,47200012";"-110,2339935";""
"20731_14";"-2";"APT";"";4;"Thur";"Forets";"Forets";1;1;1;24;"Jabiol";1;1;1;"";2014;1004282;6758081;"";5;NA;NA;NA;458;478;478;237;"";"5,483652592";NA;"8,75";1449;"-2,93";"-41,95966721";"44,4679985";"9,87";1440;"-1,63";"-45,23120117";"-22,22920036";"10,71";1318;"-1,17";"-90,47200012";"-110,2339935";""
"20741_14";"-2";"APT";"";4;"Thur";"Forets";"Forets";1;1;1;40;"Jabiol";1;1;1;"";2014;1004512;6757931;"";5;NA;NA;NA;471;478;478;124;"";"5,357386112";NA;"8,75";1449;"-2,93";"-41,95966721";"44,4679985";"9,87";1440;"-1,63";"-45,23120117";"-22,22920036";"10,71";1318;"-1,17";"-90,47200012";"-110,2339935";""
"20841_14";"-2";"APT";"";4;"Thur";"Forets";"Forets";1;1;1;25;"Jabiol";1;1;1;"";2014;999506;6761843;"";5;NA;NA;NA;483;400;400;111;"";"5,171247959";NA;"8,42";1628;"-3,1";"-35,19099808";"120,1633301";"9,54";1648;"-1,83";"-31,80719948";"58,94639969";"10,33";1529;"-1,44";"-83,34600067";"-27,10000229";""
"20861_14";"-2";"APT";"";4;"Thur";"Forets";"Forets";1;1;1;17;NA;2;1;1;"";2014;999403;6761868;"";7;NA;NA;NA;547;630;630;102;"";"5,021486759";NA;"8,42";1628;"-3,1";"-35,19099808";"120,1633301";"9,54";1648;"-1,83";"-31,80719948";"58,94639969";"10,33";1529;"-1,44";"-83,34600067";"-27,10000229";""
"20911_14";"-2";"APT";"";4;"Thur";"Forets";"Forets";1;1;1;43;"Gegout";1;1;1;"";2014;992514;6760342;"";7;NA;NA;NA;787;780;780;25;"";"4,506788731";NA;"6,72";1812;"-4,82";"-0,8033337";"330,4293213";"7,75";1832;"-3,9";"7,850800037";"251,2023926";"8,87";1739;"-3,77";"-72,16799927";"159,8440094";""
"20921_14";"-2";"APT";"";4;"Thur";"Forets";"Forets";1;1;1;20;"Gegout";1;1;1;"";2014;992428;6760309;"";7;NA;NA;NA;802;802;802;24;"";"4,490613461";NA;"6,72";1812;"-4,82";"-0,8033337";"330,4293213";"7,75";1832;"-3,9";"7,850800037";"251,2023926";"8,87";1739;"-3,77";"-72,16799927";"159,8440094";""
"20931_14";"-2";"APT";"";4;"Thur";"Forets";"Forets";1;1;1;33;"Gegout";1;1;1;"";2014;992389;6760241;"";7;NA;NA;NA;854;817;817;11;"";"5,003562927";NA;"6,72";1812;"-4,82";"-0,8033337";"330,4293213";"7,75";1832;"-3,9";"7,850800037";"251,2023926";"8,87";1739;"-3,77";"-72,16799927";"159,8440094";""
"20941_14";"-2";"APT";"";4;"Thur";"Forets";"Forets";1;1;1;24;"Gegout";1;1;1;"";2014;992961;6759664;"";5;NA;NA;NA;928;880;880;80;"";"4,860314369";NA;"6,72";1812;"-4,82";"-0,8033337";"330,4293213";"7,75";1832;"-3,9";"7,850800037";"251,2023926";"8,87";1739;"-3,77";"-72,16799927";"159,8440094";""
"20951_14";"-2";"APT";"";4;"Thur";"Forets";"Forets";1;1;1;9;"Gegout";1;1;1;"";2014;992335;6760437;"";5;NA;NA;NA;814;833;833;149;"";"4,691462517";NA;"6,72";1812;"-4,82";"-0,8033337";"330,4293213";"7,75";1832;"-3,9";"7,850800037";"251,2023926";"8,87";1739;"-3,77";"-72,16799927";"159,8440094";""
"21011_14";"-2";"APT";"";4;"Thur";"Forets";"Forets";1;1;1;27;NA;2;1;1;"";2014;994059;6761054;"";7;NA;NA;NA;512;499;499;152;"";"5,109334469";NA;"8,02";1780;"-3,63";"-20,70966721";"229,9766693";"9,09";1815;"-2,53";"-10,18239975";"161,2695923";"10,02";1727;"-2,2";"-80,51200104";"71,98400116";""
"21021_14";"-2";"APT";"";4;"Thur";"Forets";"Forets";1;1;1;25;NA;2;1;1;"";2014;993987;6761229;"";7;NA;NA;NA;585;586;586;154;"";"5,009840012";NA;"8,02";1780;"-3,63";"-20,70966721";"229,9766693";"9,09";1815;"-2,53";"-10,18239975";"161,2695923";"10,02";1727;"-2,2";"-80,51200104";"71,98400116";""
"21051_14";"-2";"APT";"";4;"Thur";"Forets";"Forets";1;1;1;35;NA;2;1;1;"";2014;994066;6761210;"";7;NA;NA;NA;574;566;566;166;"";"5,117269993";NA;"8,02";1780;"-3,63";"-20,70966721";"229,9766693";"9,09";1815;"-2,53";"-10,18239975";"161,2695923";"10,02";1727;"-2,2";"-80,51200104";"71,98400116";""
"21231_14";"-2";"APT";"";4;"Thur";"Forets";"Forets";1;1;1;45;NA;2;1;1;"";2014;994237;6763083;"";5;NA;NA;NA;691;694;694;114;"";"5,528963089";NA;"7,4";1780;"-3,97";"-18,09733391";"248,4016571";"8,48";1822;"-2,86";"-7,67840004";"181,2203979";"9,33";1747;"-2,61";"-75,04399872";"110,7080002";""
"21251_14";"-2";"APT";"";4;"Thur";"Forets";"Forets";1;1;1;32;NA;2;1;1;"";2014;993697;6762680;"";5;NA;NA;NA;788;788;788;62;"";"4,641555309";NA;"6,76";1903;"-4,43";"-7,459666729";"320,4526672";"7,85";1945;"-3,35";"4,615999699";"253,7223969";"8,67";1841;"-3,19";"-67,94000244";"179,7160034";""
"21261_14";"-2";"APT";"";4;"Thur";"Forets";"Forets";1;1;1;10;NA;2;1;1;"";2014;993792;6762971;"";5;NA;NA;NA;839;824;824;145;"";"5,030448914";NA;"6,76";1903;"-4,43";"-7,459666729";"320,4526672";"7,85";1945;"-3,35";"4,615999699";"253,7223969";"8,67";1841;"-3,19";"-67,94000244";"179,7160034";""
"21411_14";"-2";"APT";"";4;"Thur";"Forets";"Forets";1;1;1;23;NA;2;1;1;"";2014;997087;6767667;"";5;NA;NA;NA;685;730;730;135;"";"4,988573551";NA;"7,4";1984;"-3,89";"-17,14866638";"280,087677";"8,5";2029;"-2,73";"-4,841599941";"217,2115936";"9,22";1912;"-2,48";"-66,20199585";"117,5500031";""
"21431_14";"-2";"APT";"";4;"Thur";"Forets";"Forets";1;1;1;27;NA;2;1;1;"";2014;997371;6767778;"";5;NA;NA;NA;629;684;684;224;"";"4,433878899";NA;"7,34";1884;"-4,08";"-14,34700012";"277,813324";"8,41";1912;"-3";"-2,350000143";"207,6743927";"9,31";1812;"-2,77";"-70,5739975";"107,493988";""
"21741_14";"-2";"APT";"";4;"Thur";"Forets";"Forets";1;1;1;21;NA;2;1;1;"";2014;998826;6764172;"";5;NA;NA;NA;907;938;938;298;"";"4,476590157";NA;"7,07";1738;"-4,09";"-24,10233307";"208,0926666";"8,19";1771;"-2,92";"-17,27639961";"140,5787964";"8,96";1688;"-2,71";"-76,44400024";"70,30999756";""
"21751_14";"-2";"APT";"";4;"Thur";"Forets";"Forets";1;1;1;18;NA;2;1;1;"";2014;998726;6764172;"";5;NA;NA;NA;879;860;860;320;"";"4,207623959";NA;"7,07";1738;"-4,09";"-24,10233307";"208,0926666";"8,19";1771;"-2,92";"-17,27639961";"140,5787964";"8,96";1688;"-2,71";"-76,44400024";"70,30999756";""
"22011_14";"-2";"APT";"";4;"Thur";"Forets";"Forets";1;1;1;22;"Gegout";1;1;1;"";2014;1006571;6762917;"";5;NA;NA;NA;1239;1244;1244;221;"";"4,288862228";NA;"5,44";2035;"-5,46";"15,86166668";"422,0563354";"6,52";2015;"-4,38";"17,12520027";"346,7260132";"7,36";1842;"-4,4";"-37,34799957";"273,6040039";""
"22031_14";"-2";"APT";"";4;"Thur";"Forets";"Forets";1;1;1;22;"Gegout";1;1;1;"";2014;1006665;6762474;"";5;NA;NA;NA;1149;1157;1157;219;"";"4,406888485";NA;"6,38";1967;"-4,6";"-5,374333382";"322,4063416";"7,51";1966;"-3,4";"0,159599811";"249,6999969";"8,26";1831;"-3,27";"-52,22999954";"197,5240021";""
"22041_14";"-2";"APT";"";4;"Thur";"Forets";"Forets";1;1;1;14;"Gegout";1;1;1;"";2014;1006329;6762442;"";5;NA;NA;NA;1048;1052;1052;222;"";"4,101272106";NA;"6,38";1967;"-4,6";"-5,374333382";"322,4063416";"7,51";1966;"-3,4";"0,159599811";"249,6999969";"8,26";1831;"-3,27";"-52,22999954";"197,5240021";""
"22091_14";"-2";"APT";"";4;"Thur";"Forets";"Forets";1;1;1;22;NA;2;1;1;"";2014;1006176;6761852;"";5;NA;NA;NA;838;839;839;164;"";"4,972012997";NA;"6,84";1909;"-4,32";"-10,07999992";"286,8469849";"7,96";1913;"-3,11";"-4,213199615";"215,3580017";"8,74";1777;"-2,93";"-59,45199966";"148,5379944";""
"30101_09";"-2";"APT";"";4;"Thur";"Forets";"Forets";1;1;1;78;NA;2;1;1;"";2009;995507;6772111;"";7;NA;945180;2341644;604;645;645;177;"";"5,398720264";NA;"7,34";1996;"-4,05";"-2,38800025";"343,07901";"8,42";2022;"-2,97";"11,85599995";"278,6579895";"9,33";1868;"-2,75";"-60,63999939";"157,2579956";""
"30102_09";"-2";"APT";"";4;"Thur";"Forets";"Forets";1;1;1;11;NA;2;1;1;"";2009;995431;6772274;"";7;NA;945102;2341806;658;750;658;99;"";"5,265079498";NA;"7,34";1996;"-4,05";"-2,38800025";"343,07901";"8,42";2022;"-2,97";"11,85599995";"278,6579895";"9,33";1868;"-2,75";"-60,63999939";"157,2579956";""
"30104_09";"-2";"APT";"";4;"Thur";"Forets";"Forets";1;1;1;11;NA;2;1;1;"";2009;994806;6772579;"";7;NA;944474;2342106;1020;1054;1054;108;"";"4,18881321";NA;"6,62";2035;"-4,62";"4,703999996";"385,669342";"7,69";2066;"-3,63";"17,87360001";"322,153595";"8,66";1867;"-3,5";"-55,45999908";"180,5979919";""
"30105_09";"-2";"APT";"";4;"Thur";"Forets";"Forets";1;1;1;5;NA;2;1;1;"";2009;995045;6772514;"";7;NA;944714;2342043;909;907;907;90;"";"4,855977535";NA;"6,96";2057;"-4,28";"-2,08133316";"359,4683228";"8,06";2089;"-3,19";"12,6868";"296,9164124";"8,91";1914;"-3,02";"-59,42399979";"168,3440094";""
"30201_09";"-2";"APT";"";4;"Thur";"Forets";"Forets";1;1;1;12;"Lebourgeois";1;1;1;"";2009;995907;6772974;"";7;NA;945572;2342511;788;777;777;273;"";"4,546996593";NA;"7,08";2070;"-4,2";"3,978999853";"373,7799988";"8,18";2101;"-3,12";"15,57439995";"309,9848022";"9,08";1883;"-2,92";"-55,7820015";"165,5200043";""
"30202_09";"-2";"APT";"";4;"Thur";"Forets";"Forets";1;1;1;26;"Lebourgeois";1;1;1;"";2009;996132;6772989;"";7;NA;945797;2342528;909;900;900;283;"";"4,854001522";NA;"7,08";2070;"-4,2";"3,978999853";"373,7799988";"8,18";2101;"-3,12";"15,57439995";"309,9848022";"9,08";1883;"-2,92";"-55,7820015";"165,5200043";""
"30203_09";"-2";"APT";"";4;"Thur";"Forets";"Forets";1;1;1;14;"Lebourgeois";1;1;1;"";2009;996508;6772971;"";7;NA;946174;2342513;1145;1127;1127;276;"";"4,494756222";NA;"5,26";2135;"-5,55";"15,72666645";"465,5253296";"6,33";2175;"-4,61";"28,36079979";"398,6396179";"7,2";1945;"-4,67";"-35,97000122";"269,3380127";""
"30301_09";"-2";"APT";"";4;"Thur";"Forets";"Forets";1;1;1;8;NA;2;1;1;"";2009;995345;6773893;"";7;NA;945002;2343426;1108;1110;1110;126;"";"4,491633892";NA;"6,41";2146;"-4,63";"11,15199947";"414,9819946";"7,53";2186;"-3,58";"20,69880104";"350,3684082";"8,39";1920;"-3,47";"-48,39400101";"188,276001";""
"30302_09";"-2";"APT";"";4;"Thur";"Forets";"Forets";1;1;1;27;NA;2;1;1;"";2009;995257;6773542;"";7;NA;944917;2343074;910;900;900;205;"";"4,88377285";NA;"6,41";2146;"-4,63";"11,15199947";"414,9819946";"7,53";2186;"-3,58";"20,69880104";"350,3684082";"8,39";1920;"-3,47";"-48,39400101";"188,276001";""
"30303_09";"-2";"APT";"";4;"Thur";"Forets";"Forets";1;1;1;11;NA;2;1;1;"";2009;995459;6773202;"";7;NA;945122;2342735;769;760;760;211;"";"4,618864536";NA;"7,08";2070;"-4,2";"3,978999853";"373,7799988";"8,18";2101;"-3,12";"15,57439995";"309,9848022";"9,08";1883;"-2,92";"-55,7820015";"165,5200043";""
"30304_09";"-2";"APT";"";4;"Thur";"Forets";"Forets";1;1;1;40;NA;2;1;1;"";2009;995364;6773127;"";7;NA;945028;2342659;716;720;720;159;"";"5,173639297";NA;"7,08";2070;"-4,2";"3,978999853";"373,7799988";"8,18";2101;"-3,12";"15,57439995";"309,9848022";"9,08";1883;"-2,92";"-55,7820015";"165,5200043";""
"30401_09";"-2";"APT";"";4;"Thur";"Forets";"Forets";1;1;1;63;"Van Couwenberghe";1;1;1;"";2009;993504;6760945;"";7;NA;943272;2330453;545;545;545;NA;"";"";NA;"";NA;"";"";"";"";NA;"";"";"";"";NA;"";"";"";""
"30402_09";"-2";"APT";"";4;"Thur";"Forets";"Forets";1;1;1;10;NA;2;1;1;"";2009;993526;6761538;"";7;NA;943289;2331046;693;566;693;197;"";"4,621977806";NA;"7,27";1929;"-3,94";"-16,97099876";"276,1196594";"8,38";1980;"-2,78";"-4,350399494";"211,9804077";"9,13";1881;"-2,54";"-72,2519989";"140,2080078";""
"30403_09";"-2";"APT";"";4;"Thur";"Forets";"Forets";1;1;1;11;NA;2;1;1;"";2009;993528;6761532;"";5;NA;943291;2331040;693;670;670;197;"";"4,621977806";NA;"7,27";1929;"-3,94";"-16,97099876";"276,1196594";"8,38";1980;"-2,78";"-4,350399494";"211,9804077";"9,13";1881;"-2,54";"-72,2519989";"140,2080078";""
"30404_09";"-2";"APT";"";4;"Thur";"Forets";"Forets";1;1;1;30;NA;2;1;1;"";2009;993382;6761931;"";7;NA;943141;2331438;870;893;893;197;"";"4,659278393";NA;"7,27";1929;"-3,94";"-16,97099876";"276,1196594";"8,38";1980;"-2,78";"-4,350399494";"211,9804077";"9,13";1881;"-2,54";"-72,2519989";"140,2080078";""
"30501_09";"-2";"APT";"";4;"Thur";"Forets";"Forets";1;1;1;55;NA;2;1;1;"";2009;995538;6760834;"";5;NA;945308;2330359;469;480;480;87;"";"5,138992786";NA;"8,44";1677;"-3,35";"-29,06599998";"167,7720032";"9,5";1704;"-2,22";"-23,66559982";"100,3560028";"10,44";1590;"-1,83";"-84,77400208";"0,416005313";""
"30602_09";"-2";"APT";"";4;"Thur";"Forets";"Forets";1;1;1;15;NA;2;1;1;"";2009;992869;6758189;"";7;NA;942660;2327689;1135;1115;1115;70;"";"4,555289745";NA;"5,74";1975;"-5,42";"6,510000229";"394,5480042";"6,77";2018;"-4,5";"15,5340004";"327,9464111";"7,78";1824;"-4,5";"-59,29999924";"218,0100098";""
"30603_09";"-2";"APT";"";4;"Thur";"Forets";"Forets";1;1;1;27;NA;2;1;1;"";2009;992251;6759011;"";7;NA;942035;2328506;969;965;965;82;"";"5,055258274";NA;"6,35";1927;"-4,99";"-0,346000284";"351,9306641";"7,39";1966;"-4,04";"9,376399994";"281,4971924";"8,41";1811;"-3,95";"-67,82800293";"174,6399994";""
"30604_09";"-2";"APT";"";4;"Thur";"Forets";"Forets";1;1;1;15;NA;2;1;1;"";2009;992441;6759305;"";7;NA;942222;2328802;1057;1035;1035;138;"";"4,93517065";NA;"6,35";1927;"-4,99";"-0,346000284";"351,9306641";"7,39";1966;"-4,04";"9,376399994";"281,4971924";"8,41";1811;"-3,95";"-67,82800293";"174,6399994";""
"30605_09";"-2";"APT";"";4;"Thur";"Forets";"Forets";1;1;1;22;NA;2;1;1;"";2009;992377;6760339;"";7;NA;942149;2329836;809;800;800;28;"";"4,482282639";NA;"6,72";1812;"-4,82";"-0,8033337";"330,4293213";"7,75";1832;"-3,9";"7,850800037";"251,2023926";"8,87";1739;"-3,77";"-72,16799927";"159,8440094";""
"30710_09";"-2";"APT";"";4;"Thur";"Forets";"Forets";1;1;1;13;NA;2;1;1;"";2009;994682;6768953;"";7;NA;944381;2338477;631;660;660;78;"";"4,49906826";NA;"7,89";1956;"-3,57";"-14,61033249";"285,2319946";"8,99";1999;"-2,41";"-0,653200269";"223,3188019";"9,76";1895;"-2,1";"-67,87200165";"126,7460022";""
"30711_09";"-2";"APT";"";4;"Thur";"Forets";"Forets";1;1;1;18;NA;2;1;1;"";2009;994997;6769355;"";5;NA;944693;2338882;564;610;610;109;"";"5,220739841";NA;"7,89";1956;"-3,57";"-14,61033249";"285,2319946";"8,99";1999;"-2,41";"-0,653200269";"223,3188019";"9,76";1895;"-2,1";"-67,87200165";"126,7460022";""
"30720_09";"-2";"APT";"";4;"Thur";"Forets";"Forets";1;1;1;12;NA;2;1;1;"";2009;994999;6769358;"";7;NA;944695;2338885;564;854;564;109;"";"5,220739841";NA;"7,89";1956;"-3,57";"-14,61033249";"285,2319946";"8,99";1999;"-2,41";"-0,653200269";"223,3188019";"9,76";1895;"-2,1";"-67,87200165";"126,7460022";""
"30721_09";"-2";"APT";"";4;"Thur";"Forets";"Forets";1;1;1;12;NA;2;1;1;"";2009;994264;6770088;"";7;NA;943953;2339609;924;912;912;207;"";"4,381067753";NA;"7,63";1969;"-3,8";"-10,25333309";"309,8303223";"8,72";2005;"-2,67";"4,953600407";"246,9136047";"9,51";1899;"-2,4";"-64,87799835";"148,0039978";""
"30901_09";"-2";"APT";"";4;"Thur";"Forets";"Forets";1;1;1;44;NA;2;1;1;"";2009;996209;6766298;"";7;NA;945932;2335833;516;510;510;264;"";"5,883460522";NA;"8,36";1781;"-3,32";"-23,74166679";"211,5016632";"9,44";1816;"-2,19";"-15,18520069";"145,0028076";"10,37";1709;"-1,81";"-79,15399933";"43,22600174";""
"30911_09";"-2";"APT";"";4;"Thur";"Forets";"Forets";1;1;1;24;NA;2;1;1;"";2009;996837;6764802;"";7;NA;946574;2334341;507;520;520;222;"";"5,009094715";NA;"8,35";1774;"-3,19";"-27,27199936";"189,1746674";"9,46";1810;"-1,98";"-19,94719887";"127,1016006";"10,29";1695;"-1,59";"-78,17399597";"31,59199715";""
"30912_09";"-2";"APT";"";4;"Thur";"Forets";"Forets";1;1;1;19;NA;2;1;1;"";2009;996977;6765012;"";5;NA;946712;2334553;624;630;630;143;"";"4,915046215";NA;"8,35";1774;"-3,19";"-27,27199936";"189,1746674";"9,46";1810;"-1,98";"-19,94719887";"127,1016006";"10,29";1695;"-1,59";"-78,17399597";"31,59199715";""
"30950_09";"-2";"APT";"";4;"Thur";"Forets";"Forets";1;1;1;47;NA;2;1;1;"";2009;996411;6766114;"";7;NA;946136;2335651;606;570;570;254;"";"5,273180008";NA;"7,87";1870;"-3,54";"-22,06166649";"232,6516571";"8,98";1909;"-2,35";"-13,43600082";"170,1172028";"9,79";1781;"-2,04";"-73,03200531";"65,33799744";""
"31001_09";"-2";"APT";"";4;"Thur";"Forets";"Forets";1;1;1;51;"Gegout";1;1;1;"";2009;996894;6766916;"";7;NA;946613;2336457;558;645;558;204;"";"4,933427334";NA;"7,87";1871;"-3,65";"-19,91900063";"247,1243286";"8,95";1908;"-2,52";"-10,13800049";"182,0332031";"9,8";1790;"-2,21";"-72,4280014";"76,19599152";""
"31002_09";"-2";"APT";"";4;"Thur";"Forets";"Forets";1;1;1;53;"Gegout";1;1;1;"";2009;996954;6767197;"";7;NA;946670;2336739;627;725;627;155;"";"4,918777466";NA;"7,87";1871;"-3,65";"-19,91900063";"247,1243286";"8,95";1908;"-2,52";"-10,13800049";"182,0332031";"9,8";1790;"-2,21";"-72,4280014";"76,19599152";""
"31003_09";"-2";"APT";"";4;"Thur";"Forets";"Forets";1;1;1;6;"Gegout";1;1;1;"";2009;997064;6768601;"";5;NA;946768;2338145;905;972;905;106;"";"4,436708927";NA;"6,82";1987;"-4,4";"-8,982333183";"328,9580078";"7,9";2026;"-3,31";"5,022399426";"265,2215881";"8,68";1918;"-3,16";"-58,96199799";"167,3180084";""
"31004_09";"-2";"APT";"";4;"Thur";"Forets";"Forets";1;1;1;12;"Gegout";1;1;1;"";2009;996572;6769089;"";7;NA;946271;2338629;865;860;860;329;"";"5,178994656";NA;"6,82";1987;"-4,4";"-8,982333183";"328,9580078";"7,9";2026;"-3,31";"5,022399426";"265,2215881";"8,68";1918;"-3,16";"-58,96199799";"167,3180084";""
"31031_09";"-2";"APT";"";4;"Thur";"Forets";"Forets";1;1;1;35;NA;2;1;1;"";2009;996286;6767115;"";7;NA;946002;2336651;578;665;578;188;"";"5,049797535";NA;"7,87";1871;"-3,65";"-19,91900063";"247,1243286";"8,95";1908;"-2,52";"-10,13800049";"182,0332031";"9,8";1790;"-2,21";"-72,4280014";"76,19599152";""
"31032_09";"-2";"APT";"";4;"Thur";"Forets";"Forets";1;1;1;12;NA;2;1;1;"";2009;996084;6767548;"";7;NA;945796;2337083;666;780;666;248;"";"5,567616463";NA;"8,11";1946;"-3,37";"-18,97933388";"259,6100159";"9,21";1991;"-2,18";"-7,0291996";"198,9860077";"9,96";1873;"-1,83";"-68,60800171";"96,75";""
"31101_09";"-2";"APT";"";4;"Thur";"Forets";"Forets";1;1;1;19;NA;2;1;1;"";2009;1002198;6760676;"";7;NA;951974;2330259;682;670;670;260;"";"5,011018753";NA;"8,35";1596;"-3,23";"-34,30233383";"117,6459961";"9,46";1604;"-1,99";"-32,75720215";"52,07319641";"10,3";1486;"-1,6";"-84,45600128";"-36,57600021";""
"31102_09";"-2";"APT";"";4;"Thur";"Forets";"Forets";1;1;1;23;NA;2;1;1;"";2009;1001877;6759760;"";7;NA;951661;2329339;443;460;460;248;"";"5,215166569";NA;"8,64";1523;"-3,01";"-38,98866653";"78,78099823";"9,75";1526;"-1,75";"-39,01520157";"14,82959843";"10,59";1402;"-1,32";"-87,72000122";"-75,66400146";""
"31103_09";"-2";"APT";"";4;"Thur";"Forets";"Forets";1;1;1;28;"Van Couwenberghe";1;1;1;"";2009;1000067;6758860;"";7;NA;949858;2328423;670;670;670;NA;"";"";NA;"";NA;"";"";"";"";NA;"";"";"";"";NA;"";"";"";""
"31104_09";"-2";"APT";"";4;"Thur";"Forets";"Forets";1;1;1;31;"Van Couwenberghe";1;1;1;"";2009;999861;6758668;"";7;NA;949653;2328229;1170;1170;1170;NA;"";"";NA;"";NA;"";"";"";"";NA;"";"";"";"";NA;"";"";"";""
"31105_09";"-2";"APT";"";4;"Thur";"Forets";"Forets";1;1;1;43;"Van Couwenberghe";1;1;1;"";2009;1000216;6758463;"";7;NA;950010;2328027;660;660;660;NA;"";"";NA;"";NA;"";"";"";"";NA;"";"";"";"";NA;"";"";"";""
"31201_09";"-2";"APT";"";4;"Thur";"Forets";"Forets";1;1;1;15;NA;2;1;1;"";2009;1000996;6755400;"";7;NA;950817;2324969;999;1010;1010;13;"";"4,671283722";NA;"6,06";1570;"-5,17";"-14,52833366";"235,5039978";"7,11";1574;"-4,17";"-9,741600037";"162,7928009";"8,09";1526;"-4,09";"-73,65399933";"120,0540009";""
"31202_09";"-2";"APT";"";4;"Thur";"Forets";"Forets";1;1;1;25;NA;2;1;1;"";2009;1001373;6755907;"";7;NA;951190;2325479;809;815;815;126;"";"4,249912739";NA;"7,31";1391;"-4,41";"-24,74666595";"139,7756653";"8,35";1381;"-3,39";"-25,26759911";"62,43439865";"9,43";1318;"-3,16";"-86,82600403";"-10,7680006";""
"31203_09";"-2";"APT";"";4;"Thur";"Forets";"Forets";1;1;1;13;NA;2;1;1;"";2009;1001801;6755700;"";7;NA;951620;2325276;760;760;760;36;"";"4,646445751";NA;"7,31";1391;"-4,41";"-24,74666595";"139,7756653";"8,35";1381;"-3,39";"-25,26759911";"62,43439865";"9,43";1318;"-3,16";"-86,82600403";"-10,7680006";""
"31250_09";"-2";"APT";"";4;"Thur";"Forets";"Forets";1;1;1;30;NA;2;1;1;"";2009;1002366;6753939;"";7;NA;952201;2323519;707;700;700;137;"";"5,082108974";NA;"7,82";1352;"-3,88";"-31,98666573";"89,7009964";"8,9";1346;"-2,76";"-32,45880127";"18,70280075";"9,9";1280;"-2,45";"-91,78799438";"-52,54799652";""
"31251_09";"-2";"APT";"";4;"Thur";"Forets";"Forets";1;1;1;23;NA;2;1;1;"";2009;1002329;6754213;"";7;NA;952161;2323792;716;683;683;75;"";"5,125696182";NA;"7,82";1352;"-3,88";"-31,98666573";"89,7009964";"8,9";1346;"-2,76";"-32,45880127";"18,70280075";"9,9";1280;"-2,45";"-91,78799438";"-52,54799652";""
"31252_09";"-2";"APT";"";4;"Thur";"Forets";"Forets";1;1;1;30;NA;2;1;1;"";2009;1002153;6754510;"";5;NA;951983;2324088;742;700;700;89;"";"5,096983433";NA;"6,91";1550;"-4,32";"-26,91566658";"159,2436676";"8,02";1561;"-3,15";"-22,74919891";"90,78240204";"8,87";1501;"-2,95";"-82,28800201";"46,66000366";""
"31253_09";"-2";"APT";"";4;"Thur";"Forets";"Forets";1;1;1;44;NA;2;1;1;"";2009;1002169;6754455;"";7;NA;951999;2324033;743;710;710;73;"";"5,095313549";NA;"6,91";1550;"-4,32";"-26,91566658";"159,2436676";"8,02";1561;"-3,15";"-22,74919891";"90,78240204";"8,87";1501;"-2,95";"-82,28800201";"46,66000366";""
"31254_09";"-2";"APT";"";4;"Thur";"Forets";"Forets";1;1;1;61;NA;2;1;1;"";2009;1001755;6755562;"";7;NA;951575;2325137;743;710;710;121;"";"4,983604908";NA;"7,31";1391;"-4,41";"-24,74666595";"139,7756653";"8,35";1381;"-3,39";"-25,26759911";"62,43439865";"9,43";1318;"-3,16";"-86,82600403";"-10,7680006";""
"31501_09";"-2";"APT";"";4;"Thur";"Forets";"Forets";1;1;1;29;NA;2;1;1;"";2009;1003772;6754672;"";7;NA;953602;2324264;474;510;510;339;"";"5,000207901";NA;"8,58";1328;"-3,27";"-39,85533524";"41,99866486";"9,66";1316;"-2,08";"-43,04240036";"-26,15279961";"10,64";1225;"-1,65";"-94,37000275";"-109,5660019";""
"31502_09";"-2";"APT";"";4;"Thur";"Forets";"Forets";1;1;1;54;NA;2;1;1;"";2009;1003277;6754368;"";7;NA;953109;2323956;459;490;490;123;"";"5,069705963";NA;"7,96";1287;"-3,78";"-35,847332";"59,71866608";"9,04";1275;"-2,65";"-38,8132019";"-8,493999481";"10,04";1193;"-2,31";"-92,40599823";"-87,12799835";""
"31503_09";"-2";"APT";"";4;"Thur";"Forets";"Forets";1;1;1;46;NA;2;1;1;"";2009;1003275;6754433;"";7;NA;953106;2324021;472;510;510;129;"";"5,047550201";NA;"7,96";1287;"-3,78";"-35,847332";"59,71866608";"9,04";1275;"-2,65";"-38,8132019";"-8,493999481";"10,04";1193;"-2,31";"-92,40599823";"-87,12799835";""
"31504_09";"-2";"APT";"";4;"Thur";"Forets";"Forets";1;1;1;8;NA;2;1;1;"";2009;1003061;6754811;"";7;NA;952889;2324397;611;660;660;105;"";"5,131188393";NA;"8,01";1390;"-3,68";"-34,01399994";"84,36166382";"9,09";1386;"-2,52";"-34,57839966";"14,55040073";"10,05";1307;"-2,17";"-91,7440033";"-61,2539978";""
"31505_09";"-2";"APT";"";4;"Thur";"Forets";"Forets";1;1;1;21;NA;2;1;1;"";2009;1004082;6754578;"";5;NA;953913;2324173;504;630;504;346;"";"5,242733479";NA;"8,58";1328;"-3,27";"-39,85533524";"41,99866486";"9,66";1316;"-2,08";"-43,04240036";"-26,15279961";"10,64";1225;"-1,65";"-94,37000275";"-109,5660019";""
"31601_09";"-2";"APT";"";4;"Thur";"Forets";"Forets";1;1;1;12;"Boissier";1;1;1;"";2009;1011043;6756034;"";7;NA;960866;2325690;491;560;491;205;"";"5,281729221";NA;"8,77";1108;"-2,86";"-55,12733459";"-72,69766998";"9,9";1094;"-1,53";"-59,61320114";"-132,3343964";"10,75";1020;"-1,04";"-100,326004";"-193,5200043";""
"31602_09";"-2";"APT";"";4;"Thur";"Forets";"Forets";1;1;1;24;"Boissier";1;1;1;"";2009;1011214;6756838;"";7;NA;961030;2326496;510;500;500;86;"";"4,858765125";NA;"8,28";1145;"-3,24";"-51,07699966";"-42,14200211";"9,4";1135;"-1,94";"-53,7256012";"-102,5383987";"10,25";1069;"-1,52";"-97,51200104";"-156,0099945";""
"31603_09";"-2";"APT";"";4;"Thur";"Forets";"Forets";1;1;1;39;"Boissier";1;1;1;"";2009;1011627;6756720;"";7;NA;961444;2326382;446;450;450;54;"";"5,368221283";NA;"8,85";1078;"-2,86";"-54,73899841";"-74,24333191";"9,97";1061;"-1,55";"-59,56079865";"-134,8531952";"10,86";994;"-1,04";"-100,3620071";"-195,4580078";""
"31604_09";"-2";"APT";"";4;"Thur";"Forets";"Forets";1;1;1;35;"Boissier";1;1;1;"";2009;1011825;6756609;"";7;NA;961643;2326272;423;420;420;78;"";"6,009260178";NA;"8,85";1078;"-2,86";"-54,73899841";"-74,24333191";"9,97";1061;"-1,55";"-59,56079865";"-134,8531952";"10,86";994;"-1,04";"-100,3620071";"-195,4580078";""
"31801_09";"-2";"APT";"";4;"Thur";"Forets";"Forets";1;1;1;34;NA;2;1;1;"";2009;1009337;6757729;"";7;NA;959144;2327372;869;857;857;142;"";"4,959980011";NA;"7,06";1269;"-4,26";"-37,41500092";"58,03666687";"8,16";1253;"-3,06";"-35,93560028";"-11,21799946";"9,06";1226;"-2,81";"-88,37599945";"-45,16999817";""
"31802_09";"-2";"APT";"";4;"Thur";"Forets";"Forets";1;1;1;31;NA;2;1;1;"";2009;1009241;6758143;"";7;NA;959044;2327785;1064;1072;1072;142;"";"4,328352928";NA;"7,06";1269;"-4,26";"-37,41500092";"58,03666687";"8,16";1253;"-3,06";"-35,93560028";"-11,21799946";"9,06";1226;"-2,81";"-88,37599945";"-45,16999817";""
"31803_09";"-2";"APT";"";4;"Thur";"Forets";"Forets";1;1;1;22;NA;2;1;1;"";2009;1009269;6758476;"";7;NA;959069;2328119;1010;1015;1015;48;"";"4,814825535";NA;"7,06";1269;"-4,26";"-37,41500092";"58,03666687";"8,16";1253;"-3,06";"-35,93560028";"-11,21799946";"9,06";1226;"-2,81";"-88,37599945";"-45,16999817";""
"31804_09";"-2";"APT";"";4;"Thur";"Forets";"Forets";1;1;1;18;NA;2;1;1;"";2009;1009711;6758403;"";5;NA;959512;2328049;879;883;883;42;"";"4,416798592";NA;"7,06";1269;"-4,26";"-37,41500092";"58,03666687";"8,16";1253;"-3,06";"-35,93560028";"-11,21799946";"9,06";1226;"-2,81";"-88,37599945";"-45,16999817";""
"32001_09";"-2";"APT";"";4;"Thur";"Forets";"Forets";1;1;1;30;NA;2;1;1;"";2009;1003618;6755295;"";7;NA;953442;2324886;453;480;480;169;"";"5,302438259";NA;"8,58";1328;"-3,27";"-39,85533524";"41,99866486";"9,66";1316;"-2,08";"-43,04240036";"-26,15279961";"10,64";1225;"-1,65";"-94,37000275";"-109,5660019";""
"32003_09";"-2";"APT";"";4;"Thur";"Forets";"Forets";1;1;1;14;"Boissier";1;1;1;"";2009;1003209;6755920;"";5;NA;953027;2325508;644;610;610;312;"";"4,67454052";NA;"8,11";1384;"-3,65";"-33,05900192";"88,94833374";"9,19";1375;"-2,5";"-34,94680023";"18,14120102";"10,17";1284;"-2,15";"-89,78599548";"-64,31800079";""
"32101_09";"-2";"APT";"";4;"Thur";"Forets";"Forets";1;1;1;30;NA;2;1;1;"";2009;1009101;6753699;"";7;NA;958943;2323337;374;370;370;249;"";"5,737449646";NA;"9,04";1093;"-2,63";"-57,19166565";"-85,11399841";"10,18";1082;"-1,29";"-61,59119797";"-143,1564026";"10,99";1007;"-0,76";"-101,7519989";"-205,2100067";""
"32102_09";"-2";"APT";"";4;"Thur";"Forets";"Forets";1;1;1;27;NA;2;1;1;"";2009;1009189;6753595;"";7;NA;959032;2323233;378;390;390;254;"";"6,301028252";NA;"9,04";1093;"-2,63";"-57,19166565";"-85,11399841";"10,18";1082;"-1,29";"-61,59119797";"-143,1564026";"10,99";1007;"-0,76";"-101,7519989";"-205,2100067";""
"32103_09";"-2";"APT";"";4;"Thur";"Forets";"Forets";1;1;1;26;NA;2;1;1;"";2009;1009339;6754255;"";7;NA;959176;2323895;446;440;440;94;"";"4,852161407";NA;"9,13";1058;"-2,57";"-59,9003334";"-100,3069992";"10,26";1046;"-1,22";"-63,98680115";"-157,9279938";"11,09";979;"-0,68";"-103,2180023";"-215,8600006";""
"32104_09";"-2";"APT";"";4;"Thur";"Forets";"Forets";1;1;1;14;NA;2;1;1;"";2009;1008910;6754581;"";7;NA;958744;2324218;449;450;450;246;"";"5,491725922";NA;"8,53";1147;"-3,04";"-52,47966766";"-52,18233109";"9,67";1138;"-1,72";"-56,48479843";"-111,1623993";"10,49";1052;"-1,27";"-98,7539978";"-177,5240021";""
"32105_09";"-2";"APT";"";4;"Thur";"Forets";"Forets";1;1;1;17;NA;2;1;1;"";2009;1009911;6754433;"";7;NA;959747;2324078;408;400;400;27;"";"5,468962193";NA;"9,13";1058;"-2,57";"-59,9003334";"-100,3069992";"10,26";1046;"-1,22";"-63,98680115";"-157,9279938";"11,09";979;"-0,68";"-103,2180023";"-215,8600006";""
"3C21_14";"-2";"APT";"";4;"Thur";"Forets";"Forets";1;1;1;18;NA;2;1;1;"";2014;1002760;6752924;"";5;NA;NA;NA;826;840;840;316;"";"4,524029732";NA;"7,52";1373;"-3,99";"-34,14966583";"87,82833099";"8,61";1374;"-2,83";"-33,3132019";"22,15039825";"9,54";1305;"-2,54";"-89,98200226";"-43,01599884";""
"3D11_14";"-2";"APT";"";4;"Thur";"Forets";"Forets";1;1;1;27;"Lebourgeois";1;1;1;"";2014;1005512;6752200;"";5;NA;NA;NA;475;470;470;180;"";"5,506784439";NA;"8,75";1151;"-2,91";"-53,11633301";"-50,97999954";"9,87";1145;"-1,6";"-56,43119812";"-108,8175964";"10,72";1065;"-1,12";"-99,62999725";"-177,3939972";""
"3D21_14";"-2";"APT";"";4;"Thur";"Forets";"Forets";1;1;1;11;"Lebourgeois";1;1;1;"";2014;1005452;6752141;"";5;NA;NA;NA;485;510;510;57;"";"5,484933853";NA;"8,75";1151;"-2,91";"-53,11633301";"-50,97999954";"9,87";1145;"-1,6";"-56,43119812";"-108,8175964";"10,72";1065;"-1,12";"-99,62999725";"-177,3939972";""
"3D31_14";"-2";"APT";"";4;"Thur";"Forets";"Forets";1;1;1;24;"Lebourgeois";1;1;1;"";2014;1005514;6752278;"";5;NA;NA;NA;499;510;510;193;"";"5,541177273";NA;"8,75";1151;"-2,91";"-53,11633301";"-50,97999954";"9,87";1145;"-1,6";"-56,43119812";"-108,8175964";"10,72";1065;"-1,12";"-99,62999725";"-177,3939972";""
"3F4MO7_19";"-2";"APT";"";4;"Thur";"Forets";"Forets";1;1;1;8;NA;2;1;1;"";2019;992700;6764740;"";5;NA;NA;NA;948;1050;1050;286;"";"4,45279789";NA;"6,37";1863;"-4,94";"0,289999932";"351,2590027";"7,39";1903;"-4,04";"10,20480061";"277,9128113";"8,45";1781;"-3,95";"-67,11799622";"184,4700012";""
"40201_09";"-2";"APT";"";4;"Thur";"Forets";"Forets";1;1;1;24;"Gegout";1;1;1;"";2009;1004117;6751509;"";7;NA;953974;2321102;594;600;600;101;"";"4,966678143";NA;"8,5";1229;"-3,11";"-48,8516655";"-15,8739996";"9,62";1229;"-1,83";"-50,55120087";"-71,69319916";"10,46";1142;"-1,39";"-97,96199799";"-139,8339996";""
"40202_09";"-2";"APT";"";4;"Thur";"Forets";"Forets";1;1;1;18;"Gegout";1;1;1;"";2009;1004142;6751808;"";7;NA;953997;2321401;589;595;595;194;"";"4,928970814";NA;"8,07";1300;"-3,43";"-44,9070015";"19,01866722";"9,18";1304;"-2,18";"-45,37279892";"-39,32759857";"10,02";1221;"-1,8";"-94,8219986";"-102,7680054";""
"40203_09";"-2";"APT";"";4;"Thur";"Forets";"Forets";1;1;1;48;"Gegout";1;1;1;"";2009;1004152;6751916;"";7;NA;954006;2321510;549;540;540;42;"";"4,824663639";NA;"8,07";1300;"-3,43";"-44,9070015";"19,01866722";"9,18";1304;"-2,18";"-45,37279892";"-39,32759857";"10,02";1221;"-1,8";"-94,8219986";"-102,7680054";""
"40204_09";"-2";"APT";"";4;"Thur";"Forets";"Forets";1;1;1;25;NA;2;1;1;"";2009;1004097;6752025;"";7;NA;953950;2321618;557;540;540;180;"";"5,253315926";NA;"8,07";1300;"-3,43";"-44,9070015";"19,01866722";"9,18";1304;"-2,18";"-45,37279892";"-39,32759857";"10,02";1221;"-1,8";"-94,8219986";"-102,7680054";""
"40205_09";"-2";"APT";"";4;"Thur";"Forets";"Forets";1;1;1;11;NA;2;1;1;"";2009;1004144;6752119;"";7;NA;953996;2321713;608;590;590;188;"";"5,118773937";NA;"8,07";1300;"-3,43";"-44,9070015";"19,01866722";"9,18";1304;"-2,18";"-45,37279892";"-39,32759857";"10,02";1221;"-1,8";"-94,8219986";"-102,7680054";""
"40206_09";"-2";"APT";"";4;"Thur";"Forets";"Forets";1;1;1;10;NA;2;1;1;"";2009;1004144;6752181;"";7;NA;953995;2321775;626;610;610;184;"";"5,081082344";NA;"8,07";1300;"-3,43";"-44,9070015";"19,01866722";"9,18";1304;"-2,18";"-45,37279892";"-39,32759857";"10,02";1221;"-1,8";"-94,8219986";"-102,7680054";""
"40207_09";"-2";"APT";"";4;"Thur";"Forets";"Forets";1;1;1;15;NA;2;1;1;"";2009;1004078;6752389;"";7;NA;953928;2321982;698;700;700;183;"";"5,171299458";NA;"8,07";1300;"-3,43";"-44,9070015";"19,01866722";"9,18";1304;"-2,18";"-45,37279892";"-39,32759857";"10,02";1221;"-1,8";"-94,8219986";"-102,7680054";""
"40208_09";"-2";"APT";"";4;"Thur";"Forets";"Forets";1;1;1;15;NA;2;1;1;"";2009;1004049;6752388;"";7;NA;953899;2321981;698;700;700;183;"";"5,171299458";NA;"8,07";1300;"-3,43";"-44,9070015";"19,01866722";"9,18";1304;"-2,18";"-45,37279892";"-39,32759857";"10,02";1221;"-1,8";"-94,8219986";"-102,7680054";""
"40209_09";"-2";"APT";"";4;"Thur";"Forets";"Forets";1;1;1;15;NA;2;1;1;"";2009;1004029;6752508;"";7;NA;953877;2322101;734;720;720;141;"";"4,621057034";NA;"8,07";1300;"-3,43";"-44,9070015";"19,01866722";"9,18";1304;"-2,18";"-45,37279892";"-39,32759857";"10,02";1221;"-1,8";"-94,8219986";"-102,7680054";""
"40210_09";"-2";"APT";"";4;"Thur";"Forets";"Forets";1;1;1;21;NA;2;1;1;"";2009;1003868;6752778;"";7;NA;953714;2322370;729;710;710;99;"";"4,668329239";NA;"7,73";1304;"-3,82";"-39,42066574";"50,34266663";"8,82";1303;"-2,64";"-40,27280045";"-12,26280117";"9,74";1224;"-2,32";"-92,23400116";"-81,5019989";""
"4031201_21";"30301_09";"APT";"";4;"Thur";"Forets";"Forets";1;1;1;NA;"Gegout";1;NA;NA;"";2021;995257;6773542;"";6;NA;NA;NA;NA;950;950;235;"211,5";"";400;"";NA;"";"";"";"";NA;"";"";"";"";NA;"";"";"";""
"4031202_21";"30302_09";"APT";"";4;"Thur";"Forets";"Forets";1;1;1;NA;"Gegout";1;NA;NA;"";2021;995345;6773893;"";6;NA;NA;NA;NA;1130;1130;143;"128,7";"";400;"";NA;"";"";"";"";NA;"";"";"";"";NA;"";"";"";""
"40401_09";"-2";"APT";"";4;"Thur";"Forets";"Forets";1;1;1;18;"Gegout";1;1;1;"";2009;1005081;6751883;"";7;NA;954936;2321485;537;510;510;223;"";"5,412840366";NA;"8,4";1209;"-3,17";"-50,75099945";"-28,06333351";"9,52";1207;"-1,89";"-52,88240051";"-84,29039764";"10,36";1121;"-1,46";"-98,47399902";"-151,1539917";""
"40402_09";"-2";"APT";"";4;"Thur";"Forets";"Forets";1;1;1;33;"Gegout";1;1;1;"";2009;1005141;6751825;"";7;NA;954996;2321427;532;530;530;191;"";"5,360345364";NA;"8,4";1209;"-3,17";"-50,75099945";"-28,06333351";"9,52";1207;"-1,89";"-52,88240051";"-84,29039764";"10,36";1121;"-1,46";"-98,47399902";"-151,1539917";""
"40403_09";"-2";"APT";"";4;"Thur";"Forets";"Forets";1;1;1;38;"Gegout";1;1;1;"";2009;1004806;6752373;"";7;NA;954656;2321973;631;630;630;294;"";"4,665199757";NA;"8,4";1209;"-3,17";"-50,75099945";"-28,06333351";"9,52";1207;"-1,89";"-52,88240051";"-84,29039764";"10,36";1121;"-1,46";"-98,47399902";"-151,1539917";""
"40404_09";"-2";"APT";"";4;"Thur";"Forets";"Forets";1;1;1;12;"Gegout";1;1;1;"";2009;1005245;6752996;"";7;NA;955090;2322600;466;490;490;31;"";"5,071665287";NA;"8,71";1159;"-3,06";"-46,72366714";"-20,53366661";"9,81";1146;"-1,81";"-51,12319946";"-81,64559937";"10,72";1062;"-1,35";"-96,51999664";"-157,7039948";""
"4041201_21";"521111_15";"APT";"";4;"Thur";"Forets";"Forets";1;1;1;NA;"-2.0";2;NA;NA;"";2021;1000346;6762789;"";6;NA;NA;NA;NA;573;573;320;"288";"";400;"";NA;"";"";"";"";NA;"";"";"";"";NA;"";"";"";""
"4041202_21";"3203_01";"APT";"";4;"Thur";"Forets";"Forets";1;1;1;NA;"-2.0";2;NA;NA;"";2021;999901;6762831;"";6;NA;NA;NA;NA;590;590;130;"117";"";400;"";NA;"";"";"";"";NA;"";"";"";"";NA;"";"";"";""
"4041204_21";"-1.0";"APT";"";4;"Thur";"Forets";"Forets";1;1;1;NA;"-2.0";2;NA;NA;"";2021;998894;6765686;"";6;NA;NA;NA;NA;1044;1044;220;"198";"";400;"";NA;"";"";"";"";NA;"";"";"";"";NA;"";"";"";""
"4043701_21";"-2.0";"APT";"";4;"Thur";"Forets";"Forets";1;1;1;NA;"Behr";1;NA;NA;"";2021;1002849;6763659;"";6;NA;NA;NA;NA;910;910;155;"139,5";"";400;"";NA;"";"";"";"";NA;"";"";"";"";NA;"";"";"";""
"4043703_21";"621261_16";"APT";"";4;"Thur";"Forets";"Forets";1;1;1;NA;"Behr";1;NA;NA;"";2021;1001803;6762446;"";6;NA;NA;NA;NA;570;570;104;"93,6";"";400;"";NA;"";"";"";"";NA;"";"";"";"";NA;"";"";"";""
"4043704_21";"521231_15";"APT";"";4;"Thur";"Forets";"Forets";1;1;1;NA;"-1.0";2;NA;NA;"";2021;999516;6765847;"";6;NA;NA;NA;NA;1240;1240;210;"189";"";400;"";NA;"";"";"";"";NA;"";"";"";"";NA;"";"";"";""
"4044601_21";"68262N-0510";"APT";"";4;"Thur";"Forets";"Forets";1;1;1;NA;"-2.0";2;NA;NA;"";2021;1000755;6764177;"";6;NA;NA;NA;NA;831;831;172;"154,8";"";400;"";NA;"";"";"";"";NA;"";"";"";"";NA;"";"";"";""
"4044602_21";"68262N-4510";"APT";"";4;"Thur";"Forets";"Forets";1;1;1;NA;"-2.0";2;NA;NA;"";2021;1001749;6764171;"";6;NA;NA;NA;NA;853;853;340;"306";"";400;"";NA;"";"";"";"";NA;"";"";"";"";NA;"";"";"";""
"4044603_21";"-2.0";"APT";"";4;"Thur";"Forets";"Forets";1;1;1;NA;"Behr";1;NA;NA;"";2021;998615;6764236;"";6;NA;NA;NA;NA;823;823;310;"279";"";400;"";NA;"";"";"";"";NA;"";"";"";"";NA;"";"";"";""
"4044604_21";"-2.0";"APT";"";4;"Thur";"Forets";"Forets";1;1;1;NA;"Behr";1;NA;NA;"";2021;998484;6764245;"";6;NA;NA;NA;NA;841;841;43;"38,7";"";400;"";NA;"";"";"";"";NA;"";"";"";"";NA;"";"";"";""
"4051501_21";"30911_09";"APT";"";4;"Thur";"Forets";"Forets";1;1;1;NA;"";2;NA;NA;"";2021;996838;6764803;"";6;NA;NA;NA;NA;500;500;225;"202,5";"";400;"";NA;"";"";"";"";NA;"";"";"";"";NA;"";"";"";""
"4051502_21";"30912_09";"APT";"";4;"Thur";"Forets";"Forets";1;1;1;NA;"";2;NA;NA;"";2021;996986;6765008;"";6;NA;NA;NA;NA;572;572;180;"162";"";400;"";NA;"";"";"";"";NA;"";"";"";"";NA;"";"";"";""
"4051503_21";"30901_09";"APT";"";4;"Thur";"Forets";"Forets";1;1;1;NA;"";2;NA;NA;"";2021;996214;6766309;"";6;NA;NA;NA;NA;580;580;190;"171";"";250;"";NA;"";"";"";"";NA;"";"";"";"";NA;"";"";"";""
"4052601_21";"521441_15";"APT";"";4;"Thur";"Forets";"Forets";1;1;1;NA;"Monpier";1;NA;NA;"";2021;992658;6764967;"";6;NA;NA;NA;NA;903;903;10;"9";"";400;"";NA;"";"";"";"";NA;"";"";"";"";NA;"";"";"";""
"4052602_21";"521451_15";"APT";"";4;"Thur";"Forets";"Forets";1;1;1;NA;"Monpier";1;NA;NA;"";2021;993018;6764946;"";6;NA;NA;NA;NA;925;925;0;"0";"";400;"";NA;"";"";"";"";NA;"";"";"";"";NA;"";"";"";""
"4052603_21";"68232N-4510";"APT";"";4;"Thur";"Forets";"Forets";1;1;1;NA;"Monpier";1;NA;NA;"";2021;994259;6764249;"";6;NA;NA;NA;NA;852;852;52;"46,8";"";400;"";NA;"";"";"";"";NA;"";"";"";"";NA;"";"";"";""
"4052605_21";"-2.0";"APT";"";4;"Thur";"Forets";"Forets";1;1;1;NA;"-2.0";2;NA;NA;"";2021;996170;6761577;"";6;NA;NA;NA;NA;444;444;-2;"-2";"";100;"";NA;"";"";"";"";NA;"";"";"";"";NA;"";"";"";""
"4053401_21";"68332N464-0";"APT";"";4;"Thur";"Forets";"Forets";1;1;1;NA;"-1.0";2;NA;NA;"";2021;994477;6760484;"";6;NA;NA;NA;NA;535;535;398;"358,2";"";400;"";NA;"";"";"";"";NA;"";"";"";"";NA;"";"";"";""
"4053402_21";"522511_15";"APT";"";4;"Thur";"Forets";"Forets";1;1;1;NA;"-1.0";2;NA;NA;"";2021;994777;6760754;"";6;NA;NA;NA;NA;455;455;0;"0";"";400;"";NA;"";"";"";"";NA;"";"";"";"";NA;"";"";"";""
"4053403_21";"68332N484-0";"APT";"";4;"Thur";"Forets";"Forets";1;1;1;NA;"-1.0";2;NA;NA;"";2021;994957;6760473;"";6;NA;NA;NA;NA;770;770;2;"1,8";"";400;"";NA;"";"";"";"";NA;"";"";"";"";NA;"";"";"";""
"4061401_21";"31803_09";"APT";"";4;"Thur";"Forets";"Forets";1;1;1;NA;"-2.0";2;NA;NA;"";2021;1009272;6758472;"";6;NA;NA;NA;NA;1005;1005;50;"45";"";400;"";NA;"";"";"";"";NA;"";"";"";"";NA;"";"";"";""
"4061402_21";"68390N445-0";"APT";"";4;"Thur";"Forets";"Forets";1;1;1;NA;"-2.0";2;NA;NA;"";2021;1008942;6757854;"";6;NA;NA;NA;NA;1028;1028;190;"171";"";400;"";NA;"";"";"";"";NA;"";"";"";"";NA;"";"";"";""
"4061403_21";"-2.0";"APT";"";4;"Thur";"Forets";"Forets";1;1;1;NA;"-2.0";2;NA;NA;"";2021;1009347;6757635;"";6;NA;NA;NA;NA;667;667;210;"189";"";400;"";NA;"";"";"";"";NA;"";"";"";"";NA;"";"";"";""
"4061404_21";"-2.0";"APT";"";4;"Thur";"Forets";"Forets";1;1;1;NA;"-2.0";2;NA;NA;"";2021;1009622;6757025;"";6;NA;NA;NA;NA;675;675;250;"225";"";400;"";NA;"";"";"";"";NA;"";"";"";"";NA;"";"";"";""
"4061405_21";"68296N-8710";"APT";"";4;"Thur";"Forets";"Forets";1;1;1;NA;"-2.0";2;NA;NA;"";2021;1010163;6756614;"";6;NA;NA;NA;NA;559;559;105;"94,5";"";400;"";NA;"";"";"";"";NA;"";"";"";"";NA;"";"";"";""
"4062701_21";"68268N-0610";"APT";"";4;"Thur";"Forets";"Forets";1;1;1;NA;"Behr";1;NA;NA;"";2021;1000716;6759190;"";6;NA;NA;NA;NA;515;515;90;"81";"";400;"";NA;"";"";"";"";NA;"";"";"";"";NA;"";"";"";""
"4062702_21";"-2.0";"APT";"";4;"Thur";"Forets";"Forets";1;1;1;NA;"Behr";1;NA;NA;"";2021;1001280;6758703;"";6;NA;NA;NA;NA;580;580;86;"77,4";"";400;"";NA;"";"";"";"";NA;"";"";"";"";NA;"";"";"";""
"4063501_21";"630850_16";"APT";"";4;"Thur";"Forets";"Forets";1;1;1;NA;"-2.0";2;NA;NA;"";2021;1005211;6751749;"";6;NA;NA;NA;NA;510;510;170;"153";"";400;"";NA;"";"";"";"";NA;"";"";"";"";NA;"";"";"";""
"4063502_21";"68398N404-0";"APT";"";4;"Thur";"Forets";"Forets";1;1;1;NA;"Behr";1;NA;NA;"";2021;1007999;6758498;"";6;NA;NA;NA;NA;880;880;345;"310,5";"";400;"";NA;"";"";"";"";NA;"";"";"";"";NA;"";"";"";""
"4063504_21";"68284N-8710";"APT";"";4;"Thur";"Forets";"Forets";1;1;1;NA;"Behr";1;NA;NA;"";2021;1007067;6758310;"";6;NA;NA;NA;NA;590;590;300;"270";"";400;"";NA;"";"";"";"";NA;"";"";"";"";NA;"";"";"";""
"4071404_21";"521030_15";"APT";"";4;"Thur";"Forets";"Forets";1;1;1;NA;"-2.0";2;NA;NA;"";2021;999741;6768176;"";6;NA;NA;NA;NA;1164;1164;370;"333";"";400;"";NA;"";"";"";"";NA;"";"";"";"";NA;"";"";"";""
"4071405_21";"620931_16";"APT";"";4;"Thur";"Forets";"Forets";1;1;1;NA;"-2.0";2;NA;NA;"";2021;999437;6769007;"";6;NA;NA;NA;NA;1130;1130;245;"220,5";"";400;"";NA;"";"";"";"";NA;"";"";"";"";NA;"";"";"";""
"4072501_21";"68230N-2310";"APT";"";4;"Thur";"Forets";"Forets";1;1;1;NA;"-2.0";2;NA;NA;"";2021;993820;6771105;"";6;NA;NA;NA;NA;1090;1090;247;"222,3";"";400;"";NA;"";"";"";"";NA;"";"";"";"";NA;"";"";"";""
"4072504_21";"68234N-4310";"APT";"";4;"Thur";"Forets";"Forets";1;1;1;NA;"-2.0";2;NA;NA;"";2021;994319;6769877;"";6;NA;NA;NA;NA;803;803;210;"189";"";400;"";NA;"";"";"";"";NA;"";"";"";"";NA;"";"";"";""
"4072505_21";"-2.0";"APT";"";4;"Thur";"Forets";"Forets";1;1;1;NA;"-2.0";2;NA;NA;"";2021;994096;6769156;"";6;NA;NA;NA;NA;750;750;112;"100,8";"";400;"";NA;"";"";"";"";NA;"";"";"";"";NA;"";"";"";""
"4073601_21";"30711_09";"APT";"";4;"Thur";"Forets";"Forets";1;1;1;NA;"-1.0";2;NA;NA;"";2021;994997;6769355;"";6;NA;NA;NA;NA;566;566;100;"90";"";400;"";NA;"";"";"";"";NA;"";"";"";"";NA;"";"";"";""
"4073602_21";"30710_09";"APT";"";4;"Thur";"Forets";"Forets";1;1;1;NA;"-1.0";2;NA;NA;"";2021;994684;6768959;"";6;NA;NA;NA;NA;618;618;120;"108";"";400;"";NA;"";"";"";"";NA;"";"";"";"";NA;"";"";"";""
"4073605_21";"520920_15";"APT";"";4;"Thur";"Forets";"Forets";1;1;1;NA;"Jauzein";1;NA;NA;"";2021;996218;6771087;"";6;NA;NA;NA;NA;865;865;290;"261";"";400;"";NA;"";"";"";"";NA;"";"";"";"";NA;"";"";"";""
"41003_09";"-2";"APT";"";4;"Thur";"Forets";"Forets";1;1;1;33;NA;2;1;1;"";2009;995508;6758327;"";5;NA;945300;2327850;921;570;921;93;"";"4,418429375";NA;"7,07";1687;"-4,46";"-15,37233353";"241,4133301";"8,13";1704;"-3,44";"-8,254400253";"165,7875977";"9,14";1622;"-3,25";"-78,41200256";"81,83799744";""
"4101401_21";"68344N445-0";"APT";"";4;"Thur";"Forets";"Forets";1;1;1;NA;"-2.0";2;NA;NA;"";2021;996448;6756724;"";6;NA;NA;NA;NA;993;993;25;"22,5";"";400;"";NA;"";"";"";"";NA;"";"";"";"";NA;"";"";"";""
"4101402_21";"3061_01";"APT";"";4;"Thur";"Forets";"Forets";1;1;1;NA;"-2.0";2;NA;NA;"";2021;995597;6757249;"";6;NA;NA;NA;NA;886;886;376;"338,4";"";400;"";NA;"";"";"";"";NA;"";"";"";"";NA;"";"";"";""
"4101404_21";"-1.0";"APT";"";4;"Thur";"Forets";"Forets";1;1;1;NA;"-2.0";2;NA;NA;"";2021;993239;6758011;"";6;NA;NA;NA;NA;945;945;120;"108";"";400;"";NA;"";"";"";"";NA;"";"";"";"";NA;"";"";"";""
"4102501_21";"41003_09";"APT";"";4;"Thur";"Forets";"Forets";1;1;1;NA;"-2.0";2;NA;NA;"";2021;995516;6758339;"";6;NA;NA;NA;NA;914;914;125;"112,5";"";400;"";NA;"";"";"";"";NA;"";"";"";"";NA;"";"";"";""
"4102505_21";"10841_13";"APT";"";4;"Thur";"Forets";"Forets";1;1;1;NA;"Jauzein";1;NA;NA;"";2021;992035;6759518;"";6;NA;NA;NA;NA;1206;1206;216;"194,4";"";400;"";NA;"";"";"";"";NA;"";"";"";"";NA;"";"";"";""
"4103601_21";"68240N-8610";"APT";"";4;"Thur";"Forets";"Forets";1;1;1;NA;"-2.0";2;NA;NA;"";2021;997736;6761705;"";6;NA;NA;NA;NA;-1;-1;30;"27";"";400;"";NA;"";"";"";"";NA;"";"";"";"";NA;"";"";"";""
"4103603_21";"68242N-6610";"APT";"";4;"Thur";"Forets";"Forets";1;1;1;NA;"-2.0";2;NA;NA;"";2021;997231;6761085;"";6;NA;NA;NA;NA;610;610;191;"171,9";"";400;"";NA;"";"";"";"";NA;"";"";"";"";NA;"";"";"";""
"4103604_21";"-2.0";"APT";"";4;"Thur";"Forets";"Forets";1;1;1;NA;"-2.0";2;NA;NA;"";2021;996941;6761058;"";6;NA;NA;NA;NA;612;612;171;"153,9";"";400;"";NA;"";"";"";"";NA;"";"";"";"";NA;"";"";"";""
"4103605_21";"3051_01";"APT";"";4;"Thur";"Forets";"Forets";1;1;1;NA;"-2.0";2;NA;NA;"";2021;996403;6760922;"";6;NA;NA;NA;NA;670;670;325;"292,5";"";400;"";NA;"";"";"";"";NA;"";"";"";"";NA;"";"";"";""
"4112501_21";"621320_16";"APT";"";4;"Thur";"Forets";"Forets";1;1;1;NA;"-2.0";2;NA;NA;"";2021;1002399;6762134;"";6;NA;NA;NA;NA;714;714;298;"268,2";"";400;"";NA;"";"";"";"";NA;"";"";"";"";NA;"";"";"";""
"4112502_21";"31101_09";"APT";"";4;"Thur";"Forets";"Forets";1;1;1;NA;"-2.0";2;NA;NA;"";2021;1002190;6760651;"";6;NA;NA;NA;NA;646;646;275;"247,5";"";400;"";NA;"";"";"";"";NA;"";"";"";"";NA;"";"";"";""
"4113401_21";"520661_15";"APT";"";4;"Thur";"Forets";"Forets";1;1;1;NA;"-2.0";2;NA;NA;"";2021;1003917;6762677;"";6;NA;NA;NA;NA;917;917;150;"135";"";400;"";NA;"";"";"";"";NA;"";"";"";"";NA;"";"";"";""
"4113402_21";"620580_16";"APT";"";4;"Thur";"Forets";"Forets";1;1;1;NA;"-2.0";2;NA;NA;"";2021;1004409;6762304;"";6;NA;NA;NA;NA;919;919;245;"220,5";"";400;"";NA;"";"";"";"";NA;"";"";"";"";NA;"";"";"";""
"510981_15";"-2";"APT";"";4;"Thur";"Forets";"Forets";1;1;1;17;"";1;1;1;"";2015;1001660;6765470;"";7;NA;NA;NA;1206;1170;1170;241;"";"4,384530544";NA;"5,99";2075;"-4,99";"4,634999752";"384,1946716";"7,09";2087;"-3,91";"12,02680016";"315,0115967";"7,9";1871;"-3,85";"-50,9659996";"205,9580078";""
"520211_15";"-2";"APT";"";4;"Thur";"Forets";"Forets";1;1;1;24;NA;2;1;1;"";2015;994754;6763630;"";5;NA;944500;2333150;757;770;770;231;"";"4,434614182";NA;"7,22";1749;"-4,16";"-16,96466637";"252,2276764";"8,29";1787;"-3,1";"-6,723199844";"181,8623962";"9,21";1723;"-2,88";"-75,66000366";"111,3899994";""
"520221_15";"-2";"APT";"";4;"Thur";"Forets";"Forets";1;1;1;18;NA;2;1;1;"";2015;994620;6762482;"";5;NA;944375;2332000;781;822;822;141;"";"4,642707825";NA;"7,74";1808;"-3,67";"-23,24966621";"222,8110046";"8,84";1854;"-2,51";"-13,36199951";"159,0211945";"9,65";1755;"-2,21";"-77,98600006";"75,11399841";""
"520311_15";"-2";"APT";"";4;"Thur";"Forets";"Forets";1;1;1;28;NA;2;1;1;"";2015;993547;6757344;"";7;NA;943346;2326849;997;970;970;127;"";"4,379178047";NA;"6,29";1981;"-4,86";"-1,051666737";"355,9656677";"7,37";2022;"-3,82";"8,675599098";"291,0791931";"8,27";1841;"-3,73";"-63,33800125";"195,3980103";""
"520321_15";"-2";"APT";"";4;"Thur";"Forets";"Forets";1;1;1;13;NA;2;1;1;"";2015;993549;6757446;"";7;NA;943347;2326952;960;930;930;21;"";"4,164927483";NA;"6,29";1981;"-4,86";"-1,051666737";"355,9656677";"7,37";2022;"-3,82";"8,675599098";"291,0791931";"8,27";1841;"-3,73";"-63,33800125";"195,3980103";""
"520431_15";"-2";"APT";"";4;"Thur";"Forets";"Forets";1;1;1;20;NA;2;1;1;"";2015;996400;6774415;"";7;NA;946053;2343957;1206;1230;1230;295;"";"4,500058651";NA;"5,15";2094;"-5,74";"21,69466591";"474,2806702";"6,19";2134;"-4,89";"30,18120003";"402,4491882";"7,18";1886;"-4,96";"-37,02199936";"254,173996";""
"520611_15";"-2";"APT";"";4;"Thur";"Forets";"Forets";1;1;1;26;NA;2;1;1;"";2015;995969;6761408;"";7;NA;945735;2330937;454;420;420;202;"";"5,887978554";NA;"8,44";1677;"-3,35";"-29,06599998";"167,7720032";"9,5";1704;"-2,22";"-23,66559982";"100,3560028";"10,44";1590;"-1,83";"-84,77400208";"0,416005313";""
"520651_15";"-2";"APT";"";4;"Thur";"Forets";"Forets";1;1;1;16;NA;2;1;1;"";2015;996392;6761401;"";7;NA;946158;2330934;475;450;450;330;"";"6,231485844";NA;"8,2";1642;"-3,44";"-29,77633286";"155,2926636";"9,29";1665;"-2,28";"-26,04559898";"91,19519806";"10,16";1536;"-1,92";"-82,61399841";"-9,23000145";""
"520661_15";"-2";"APT";"";4;"Thur";"Forets";"Forets";1;1;1;18;NA;2;1;1;"";2015;1005758;6761630;"";7;NA;955529;2331244;764;470;764;128;"";"4,861786842";NA;"6,84";1909;"-4,32";"-10,07999992";"286,8469849";"7,96";1913;"-3,11";"-4,213199615";"215,3580017";"8,74";1777;"-2,93";"-59,45199966";"148,5379944";""
"520731_15";"-2";"APT";"";4;"Thur";"Forets";"Forets";1;1;1;30;NA;2;1;1;"";2015;994555;6764104;"";7;NA;944296;2333623;831;820;820;61;"";"4,936020374";NA;"7,22";1749;"-4,16";"-16,96466637";"252,2276764";"8,29";1787;"-3,1";"-6,723199844";"181,8623962";"9,21";1723;"-2,88";"-75,66000366";"111,3899994";""
"520821_15";"-2";"APT";"";4;"Thur";"Forets";"Forets";1;1;1;17;"Gegout";1;1;1;"";2015;996035;6769146;"";7;NA;945734;2338681;684;727;727;281;"";"5,194839001";NA;"7,84";1909;"-3,67";"-15,43233299";"273,8396606";"8,93";1947;"-2,53";"-2,611200571";"209,4687958";"9,75";1844;"-2,24";"-69,09600067";"106,75";""
"521021_15";"-2";"APT";"";4;"Thur";"Forets";"Forets";1;1;1;1;"Lebourgeois";1;1;1;"";2015;999592;6768745;"";7;NA;949297;2338311;1123;1150;1150;203;"";"4,368224621";NA;"5,35";2102;"-5,64";"22,90133286";"467,6326599";"6,39";2135;"-4,72";"29,39680099";"400,7220154";"7,34";1892;"-4,77";"-34,31999969";"270,7740173";""
"521111_15";"-2";"APT";"";4;"Thur";"Forets";"Forets";1;1;1;25;NA;2;1;1;"";2015;1000328;6762766;"";7;NA;950085;2332334;547;580;580;279;"";"5,210281849";NA;"7,57";1647;"-3,9";"-22,77233315";"192,7456665";"8,66";1663;"-2,76";"-17,48159981";"122,2959976";"9,55";1582;"-2,49";"-77,87400055";"44,8219986";""
"521121_15";"-2";"APT";"";4;"Thur";"Forets";"Forets";1;1;1;36;NA;2;1;1;"";2015;1000178;6763046;"";7;NA;949932;2332613;520;630;520;125;"";"4,644934177";NA;"7,99";1659;"-3,46";"-29,38166618";"156,9753418";"9,11";1683;"-2,24";"-24,55000114";"90,9835968";"9,93";1586;"-1,91";"-82,39399719";"10,43600368";""
"521231_15";"-2";"APT";"";4;"Thur";"Forets";"Forets";1;1;1;7;"Jabiol";1;1;1;"";2015;999516;6765847;"";7;NA;949246;2335410;1221;1200;1200;189;"";"4,451638699";NA;"5,69";2129;"-5,12";"6,216333866";"415,0639954";"6,8";2156;"-4,04";"15,47920036";"346,9952087";"7,55";1953;"-4,03";"-46,14999771";"257,0920105";""
"521311_15";"-2";"APT";"";4;"Thur";"Forets";"Forets";1;1;1;50;"Jabiol";1;1;1;"";2015;1000985;6760732;"";7;NA;950760;2330304;473;492;492;206;"";"5,290836811";NA;"8,56";1571;"-3,02";"-40,29666519";"84,08966827";"9,68";1582;"-1,76";"-38,70360184";"20,8716011";"10,49";1458;"-1,34";"-88,31600189";"-68,44200897";""
"521331_15";"-2";"APT";"";4;"Thur";"Forets";"Forets";1;1;1;38;NA;2;1;1;"";2015;1000869;6760971;"";7;NA;950642;2330543;516;540;540;203;"";"5,301911831";NA;"8,56";1571;"-3,02";"-40,29666519";"84,08966827";"9,68";1582;"-1,76";"-38,70360184";"20,8716011";"10,49";1458;"-1,34";"-88,31600189";"-68,44200897";""
"521341_15";"-2";"APT";"";4;"Thur";"Forets";"Forets";1;1;1;10;NA;2;1;1;"";2015;1000570;6761475;"";7;NA;950338;2331044;610;640;640;245;"";"5,153797626";NA;"8,56";1571;"-3,02";"-40,29666519";"84,08966827";"9,68";1582;"-1,76";"-38,70360184";"20,8716011";"10,49";1458;"-1,34";"-88,31600189";"-68,44200897";""
"521441_15";"-2";"APT";"";4;"Thur";"Forets";"Forets";1;1;1;28;NA;2;1;1;"";2015;992658;6764967;"";7;NA;942390;2334470;897;900;900;20;"";"4,562188148";NA;"6,37";1863;"-4,94";"0,289999932";"351,2590027";"7,39";1903;"-4,04";"10,20480061";"277,9128113";"8,45";1781;"-3,95";"-67,11799622";"184,4700012";""
"521451_15";"-2";"APT";"";4;"Thur";"Forets";"Forets";1;1;1;20;NA;2;1;1;"";2015;993022;6764960;"";7;NA;942755;2334466;913;920;920;342;"";"4,635064125";NA;"6,37";1863;"-4,94";"0,289999932";"351,2590027";"7,39";1903;"-4,04";"10,20480061";"277,9128113";"8,45";1781;"-3,95";"-67,11799622";"184,4700012";""
"521511_15";"-2";"APT";"";4;"Thur";"Forets";"Forets";1;1;1;27;NA;2;1;1;"";2015;1007567;6754715;"";7;NA;957399;2324340;431;410;410;278;"";"5,687698841";NA;"8,62";1175;"-3,04";"-49,07033157";"-33,48399734";"9,75";1163;"-1,74";"-53,46120071";"-94,65599823";"10,6";1072;"-1,28";"-97,90599823";"-166,9119873";""
"521521_15";"-2";"APT";"";4;"Thur";"Forets";"Forets";1;1;1;28;NA;2;1;1;"";2015;1007364;6754997;"";7;NA;957193;2324621;419;390;390;175;"";"5,310007572";NA;"8,62";1175;"-3,04";"-49,07033157";"-33,48399734";"9,75";1163;"-1,74";"-53,46120071";"-94,65599823";"10,6";1072;"-1,28";"-97,90599823";"-166,9119873";""
"521531_15";"-2";"APT";"";4;"Thur";"Forets";"Forets";1;1;1;20;NA;2;1;1;"";2015;1007296;6754438;"";7;NA;957130;2324061;373;420;420;138;"";"5,57324934";NA;"8,99";1139;"-2,7";"-53,34999847";"-60,40000153";"10,12";1129;"-1,36";"-57,75080109";"-119,816803";"10,95";1046;"-0,84";"-99,55799866";"-188,6900024";""
"521811_15";"-2";"APT";"";4;"Thur";"Forets";"Forets";1;1;1;13;NA;2;1;1;"";2015;994560;6771219;"";7;NA;944240;2340743;857;867;867;69;"";"4,448309898";NA;"7,28";1996;"-4,08";"-6,286000252";"331,761322";"8,37";2028;"-2,98";"8,930800438";"267,8540039";"9,2";1895;"-2,77";"-63,51000214";"154,7700043";""
"521821_15";"-2";"APT";"";4;"Thur";"Forets";"Forets";1;1;1;19;NA;2;1;1;"";2015;994409;6771118;"";7;NA;944089;2340641;947;940;940;60;"";"5,105290413";NA;"7,28";1996;"-4,08";"-6,286000252";"331,761322";"8,37";2028;"-2,98";"8,930800438";"267,8540039";"9,2";1895;"-2,77";"-63,51000214";"154,7700043";""
"521831_15";"-2";"APT";"";4;"Thur";"Forets";"Forets";1;1;1;9;NA;2;1;1;"";2015;994061;6771024;"";7;NA;943742;2340544;1105;1112;1112;318;"";"4,342275143";NA;"6,18";2090;"-4,86";"3,383999825";"404,1643372";"7,25";2137;"-3,85";"17,97319984";"341,9403992";"8,06";1965;"-3,78";"-50,01799774";"235,071991";""
"522241_15";"-2";"APT";"";4;"Thur";"Forets";"Forets";1;1;1;37;"Jauzein";1;1;1;"";2015;1003432;6755332;"";7;NA;953256;2324922;443;435;435;150;"";"4,976471901";NA;"8,58";1328;"-3,27";"-39,85533524";"41,99866486";"9,66";1316;"-2,08";"-43,04240036";"-26,15279961";"10,64";1225;"-1,65";"-94,37000275";"-109,5660019";""
"522321_15";"-2";"APT";"";4;"Thur";"Forets";"Forets";1;1;1;35;NA;2;1;1;"";2015;1007198;6758076;"";5;NA;957000;2327700;662;660;660;320;"";"5,308786869";NA;"8";1336;"-3,72";"-35,70366669";"60,81866837";"9,08";1315;"-2,54";"-39,81760025";"-13,4032011";"10,06";1222;"-2,2";"-91,98799896";"-95,10800171";""
"522331_15";"-2";"APT";"";4;"Thur";"Forets";"Forets";1;1;1;43;NA;2;1;1;"";2015;1006201;6758384;"";5;NA;956000;2328000;499;480;480;165;"";"5,165202141";NA;"8,44";1374;"-3,32";"-37,89766693";"53,51066589";"9,54";1356;"-2,11";"-42,49000168";"-17,88760185";"10,48";1248;"-1,7";"-91,02799988";"-105,2080002";""
"522411_15";"-2";"APT";"";4;"Thur";"Forets";"Forets";1;1;1;30;NA;2;1;1;"";2015;998232;6764242;"";7;NA;947975;2333793;751;780;780;241;"";"5,081451893";NA;"7,07";1738;"-4,09";"-24,10233307";"208,0926666";"8,19";1771;"-2,92";"-17,27639961";"140,5787964";"8,96";1688;"-2,71";"-76,44400024";"70,30999756";""
"522511_15";"-2";"APT";"";4;"Thur";"Forets";"Forets";1;1;1;29;NA;2;1;1;"";2015;994760;6760738;"";7;NA;944531;2330256;468;400;468;348;"";"5,654839516";NA;"8,18";1763;"-3,47";"-25,62899971";"200,2353363";"9,26";1800;"-2,33";"-17,35400009";"134,0420074";"10,16";1690;"-1,98";"-81,97799683";"36,69200134";""
"522521_15";"-2";"APT";"";4;"Thur";"Forets";"Forets";1;1;1;22;NA;2;1;1;"";2015;992541;6760757;"";7;NA;942310;2330256;813;300;813;57;"";"4,373376369";NA;"7,34";1758;"-4,37";"-8,163332939";"288,7149963";"8,35";1777;"-3,43";"1,85920012";"208,2803955";"9,49";1711;"-3,22";"-77,5779953";"125,1320038";""
"530341_15";"-2";"APT";"";4;"Thur";"Forets";"Forets";1;1;1;27;NA;2;1;1;"";2015;1001018;6754823;"";7;NA;NA;NA;1151;1180;1180;295;"";"5,322772026";NA;"6,06";1570;"-5,17";"-14,52833366";"235,5039978";"7,11";1574;"-4,17";"-9,741600037";"162,7928009";"8,09";1526;"-4,09";"-73,65399933";"120,0540009";""
"530911_15";"-2";"APT";"";4;"Thur";"Forets";"Forets";1;1;1;34;"Lebourgeois";1;1;1;"";2015;1004894;6753110;"";7;NA;NA;NA;468;450;450;155;"";"5,265571594";NA;"8,35";1191;"-3,41";"-43,65933228";"2,942667961";"9,44";1179;"-2,21";"-47,50440216";"-58,9435997";"10,39";1094;"-1,8";"-96,46199799";"-135,3259888";""
"530921_15";"-2";"APT";"";4;"Thur";"Forets";"Forets";1;1;1;28;"Lebourgeois";1;1;1;"";2015;1004883;6753175;"";7;NA;NA;NA;498;520;520;194;"";"5,289510727";NA;"8,35";1191;"-3,41";"-43,65933228";"2,942667961";"9,44";1179;"-2,21";"-47,50440216";"-58,9435997";"10,39";1094;"-1,8";"-96,46199799";"-135,3259888";""
"530931_15";"-2";"APT";"";4;"Thur";"Forets";"Forets";1;1;1;25;"Lebourgeois";1;1;1;"";2015;1005084;6753518;"";7;NA;NA;NA;596;610;610;267;"";"4,835839272";NA;"8,35";1191;"-3,41";"-43,65933228";"2,942667961";"9,44";1179;"-2,21";"-47,50440216";"-58,9435997";"10,39";1094;"-1,8";"-96,46199799";"-135,3259888";""
"530941_15";"-2";"APT";"";4;"Thur";"Forets";"Forets";1;1;1;40;"Lebourgeois";1;1;1;"";2015;1005198;6753291;"";7;NA;NA;NA;462;490;490;163;"";"5,431706905";NA;"8,35";1191;"-3,41";"-43,65933228";"2,942667961";"9,44";1179;"-2,21";"-47,50440216";"-58,9435997";"10,39";1094;"-1,8";"-96,46199799";"-135,3259888";""
"530951_15";"-2";"APT";"";4;"Thur";"Forets";"Forets";1;1;1;44;"Lebourgeois";1;1;1;"";2015;1005193;6753142;"";7;NA;NA;NA;417;420;420;185;"";"5,358512878";NA;"8,35";1191;"-3,41";"-43,65933228";"2,942667961";"9,44";1179;"-2,21";"-47,50440216";"-58,9435997";"10,39";1094;"-1,8";"-96,46199799";"-135,3259888";""
"620111_16";"-2";"APT";"";4;"Thur";"Forets";"Forets";1;1;1;18;"Jabiol";1;1;1;"";2016;1005525;6753148;"";7;NA;955369;2322755;418;519;418;174;"";"5,404963493";NA;"8,71";1159;"-3,06";"-46,72366714";"-20,53366661";"9,81";1146;"-1,81";"-51,12319946";"-81,64559937";"10,72";1062;"-1,35";"-96,51999664";"-157,7039948";""
"620121_16";"-2";"APT";"";4;"Thur";"Forets";"Forets";1;1;1;35;"Jabiol";1;1;1;"";2016;1005461;6753186;"";7;NA;955305;2322792;418;475;418;179;"";"5,412839413";NA;"8,71";1159;"-3,06";"-46,72366714";"-20,53366661";"9,81";1146;"-1,81";"-51,12319946";"-81,64559937";"10,72";1062;"-1,35";"-96,51999664";"-157,7039948";""
"620131_16";"-2";"APT";"";4;"Thur";"Forets";"Forets";1;1;1;30;"Jabiol";1;1;1;"";2016;1005641;6752936;"";7;NA;955487;2322543;460;395;460;12;"";"5,087024212";NA;"8,71";1159;"-3,06";"-46,72366714";"-20,53366661";"9,81";1146;"-1,81";"-51,12319946";"-81,64559937";"10,72";1062;"-1,35";"-96,51999664";"-157,7039948";""
"620141_16";"-2";"APT";"";4;"Thur";"Forets";"Forets";1;1;1;15;"Jabiol";1;1;1;"";2016;1005313;6752887;"";7;NA;955159;2322491;490;488;488;105;"";"4,977449417";NA;"8,71";1159;"-3,06";"-46,72366714";"-20,53366661";"9,81";1146;"-1,81";"-51,12319946";"-81,64559937";"10,72";1062;"-1,35";"-96,51999664";"-157,7039948";""
"620151_16";"-2";"APT";"";4;"Thur";"Forets";"Forets";1;1;1;24;"Jabiol";1;1;1;"";2016;996310;6758698;"";7;NA;946100;2328228;603;515;603;96;"";"4,595757484";NA;"7,98";1607;"-3,78";"-26,70833397";"169,6606598";"9,03";1626;"-2,7";"-22,68160057";"97,70240021";"10,02";1526;"-2,39";"-85,36599731";"5,063996315";""
"620221_16";"-2";"APT";"";4;"Thur";"Forets";"Forets";1;1;1;21;"Lebourgeois";1;1;1;"";2016;1003966;6755695;"";7;NA;953787;2325290;505;617;505;138;"";"5,008804798";NA;"8,54";1397;"-3,19";"-38,79999924";"55,72433472";"9,65";1389;"-1,95";"-41,92079926";"-11,31160069";"10,55";1280;"-1,52";"-90,64199829";"-99,19600677";""
"620231_16";"-2";"APT";"";4;"Thur";"Forets";"Forets";1;1;1;15;"Lebourgeois";1;1;1;"";2016;1003944;6755238;"";7;NA;953768;2324832;393;651;393;157;"";"5,462316513";NA;"8,58";1328;"-3,27";"-39,85533524";"41,99866486";"9,66";1316;"-2,08";"-43,04240036";"-26,15279961";"10,64";1225;"-1,65";"-94,37000275";"-109,5660019";""
"620301_16";"-2";"APT";"";4;"Thur";"Forets";"Forets";1;1;1;47;NA;2;1;1;"";2016;1003252;6758309;"";7;NA;953049;2327899;386;570;386;175;"";"5,995991707";NA;"8,89";1424;"-2,9";"-41,79633331";"44,88399887";"10";1414;"-1,64";"-44,96520233";"-22,14920235";"10,88";1298;"-1,16";"-91,0719986";"-111,7799988";""
"620381_16";"-2";"APT";"";4;"Thur";"Forets";"Forets";1;1;1;22;NA;2;1;1;"";2016;998697;6758471;"";7;NA;948490;2328022;512;590;512;99;"";"4,852727413";NA;"7,55";1469;"-4,23";"-22,63933372";"164,9160004";"8,58";1471;"-3,22";"-21,49160004";"86,18120575";"9,68";1398;"-2,96";"-85,70999908";"7,004001141";""
"620391_16";"-2";"APT";"";4;"Thur";"Forets";"Forets";1;1;1;43;NA;2;1;1;"";2016;998994;6758108;"";7;NA;948790;2327662;601;550;601;26;"";"5,179825306";NA;"7,55";1469;"-4,23";"-22,63933372";"164,9160004";"8,58";1471;"-3,22";"-21,49160004";"86,18120575";"9,68";1398;"-2,96";"-85,70999908";"7,004001141";""
"620461_16";"-2";"APT";"";4;"Thur";"Forets";"Forets";1;1;1;30;NA;2;1;1;"";2016;996219;6758072;"";7;NA;946014;2327601;573;890;573;156;"";"4,575326443";NA;"7,07";1687;"-4,46";"-15,37233353";"241,4133301";"8,13";1704;"-3,44";"-8,254400253";"165,7875977";"9,14";1622;"-3,25";"-78,41200256";"81,83799744";""
"620471_16";"-2";"APT";"";4;"Thur";"Forets";"Forets";1;1;1;17;NA;2;1;1;"";2016;996472;6758337;"";7;NA;946265;2327869;551;830;551;326;"";"5,157454014";NA;"7,49";1569;"-4,28";"-19,41566658";"198,7089996";"8,52";1576;"-3,29";"-15,50479984";"117,657196";"9,62";1506;"-3,05";"-84,72599792";"35,15399933";""
"620511_16";"-2";"APT";"";4;"Thur";"Forets";"Forets";1;1;1;34;NA;2;1;1;"";2016;996554;6758317;"";7;NA;946347;2327849;559;916;559;288;"";"5,220090866";NA;"7,49";1569;"-4,28";"-19,41566658";"198,7089996";"8,52";1576;"-3,29";"-15,50479984";"117,657196";"9,62";1506;"-3,05";"-84,72599792";"35,15399933";""
"620521_16";"-2";"APT";"";4;"Thur";"Forets";"Forets";1;1;1;44;NA;2;1;1;"";2016;1004347;6762350;"";7;NA;954110;2331953;921;1025;921;232;"";"4,378321171";NA;"7,19";1809;"-4,14";"-15,50699997";"244,0046692";"8,31";1812;"-2,95";"-9,964399338";"171,6448059";"9,14";1692;"-2,73";"-69,57800293";"90,97000122";""
"620531_16";"-2";"APT";"";4;"Thur";"Forets";"Forets";1;1;1;23;NA;2;1;1;"";2016;1004318;6762014;"";7;NA;954084;2331616;838;1030;838;225;"";"5,151394844";NA;"7,19";1809;"-4,14";"-15,50699997";"244,0046692";"8,31";1812;"-2,95";"-9,964399338";"171,6448059";"9,14";1692;"-2,73";"-69,57800293";"90,97000122";""
"620541_16";"-2";"APT";"";4;"Thur";"Forets";"Forets";1;1;1;16;NA;2;1;1;"";2016;1004432;6761862;"";7;NA;954200;2331465;819;1190;819;231;"";"5,082035542";NA;"7,19";1809;"-4,14";"-15,50699997";"244,0046692";"8,31";1812;"-2,95";"-9,964399338";"171,6448059";"9,14";1692;"-2,73";"-69,57800293";"90,97000122";""
"620551_16";"-2";"APT";"";4;"Thur";"Forets";"Forets";1;1;1;14;NA;2;1;1;"";2016;1003992;6762535;"";7;NA;953753;2332135;864;1330;864;155;"";"4,513401031";NA;"6,51";1934;"-4,62";"-4,358000278";"322,241333";"7,62";1941;"-3,47";"2,628000021";"252,5475922";"8,44";1791;"-3,34";"-57,36999893";"170,2340088";""
"620661_16";"-2";"APT";"";4;"Thur";"Forets";"Forets";1;1;1;18;NA;2;1;1;"";2016;1005682;6763795;"";7;NA;955434;2333410;1281;450;1281;290;"";"4,324121952";NA;"5,16";2021;"-5,87";"30,27400017";"463,3263245";"6,21";1994;"-4,88";"28,1079998";"386,5852051";"7,17";1794;"-4,96";"-37,69199753";"271,2720032";""
"620671_16";"-2";"APT";"";4;"Thur";"Forets";"Forets";1;1;1;26;NA;2;1;1;"";2016;1006105;6763595;"";7;NA;955859;2333214;1420;500;1420;210;"";"4,106201172";NA;"5,16";2021;"-5,87";"30,27400017";"463,3263245";"6,21";1994;"-4,88";"28,1079998";"386,5852051";"7,17";1794;"-4,96";"-37,69199753";"271,2720032";""
"620681_16";"-2";"APT";"";4;"Thur";"Forets";"Forets";1;1;1;27;NA;2;1;1;"";2016;996393;6761997;"";7;NA;946154;2331530;452;650;452;133;"";"4,62032938";NA;"8,42";1610;"-3,32";"-31,23399925";"142,7763367";"9,5";1631;"-2,18";"-27,67320061";"76,09480286";"10,42";1514;"-1,79";"-85,59400177";"-22,89800072";""
"620711_16";"-2";"APT";"";4;"Thur";"Forets";"Forets";1;1;1;13;NA;2;1;1;"";2016;996415;6762010;"";7;NA;946176;2331544;452;1180;452;133;"";"4,62032938";NA;"8,42";1610;"-3,32";"-31,23399925";"142,7763367";"9,5";1631;"-2,18";"-27,67320061";"76,09480286";"10,42";1514;"-1,79";"-85,59400177";"-22,89800072";""
"620741_16";"-2";"APT";"";4;"Thur";"Forets";"Forets";1;1;1;49;NA;2;1;1;"";2016;997631;6761924;"";7;NA;947393;2331468;449;1070;449;16;"";"6,014861584";NA;"8,63";1566;"-3,1";"-34,69566727";"118,3143311";"9,71";1584;"-1,92";"-31,58760071";"55,83960342";"10,59";1468;"-1,5";"-85,10600281";"-37,60000229";""
"620771_16";"-2";"APT";"";4;"Thur";"Forets";"Forets";1;1;1;38;NA;2;1;1;"";2016;996600;6761657;"";7;NA;946364;2331192;451;1070;451;312;"";"5,640119553";NA;"8,42";1610;"-3,32";"-31,23399925";"142,7763367";"9,5";1631;"-2,18";"-27,67320061";"76,09480286";"10,42";1514;"-1,79";"-85,59400177";"-22,89800072";""
"620791_16";"-2";"APT";"";4;"Thur";"Forets";"Forets";1;1;1;16;NA;2;1;1;"";2016;995033;6763168;"";7;NA;944783;2332691;676;1170;676;211;"";"4,880115986";NA;"7,4";1780;"-3,97";"-18,09733391";"248,4016571";"8,48";1822;"-2,86";"-7,67840004";"181,2203979";"9,33";1747;"-2,61";"-75,04399872";"110,7080002";""
"620811_16";"-2";"APT";"";4;"Thur";"Forets";"Forets";1;1;1;37;NA;2;1;1;"";2016;999305;6769135;"";7;NA;949006;2338699;1165;550;1165;194;"";"4,391721249";NA;"5,35";2102;"-5,64";"22,90133286";"467,6326599";"6,39";2135;"-4,72";"29,39680099";"400,7220154";"7,34";1892;"-4,77";"-34,31999969";"270,7740173";""
"620821_16";"-2";"APT";"";4;"Thur";"Forets";"Forets";1;1;1;33;NA;2;1;1;"";2016;999881;6766618;"";7;NA;949604;2336185;1204;610;1204;311;"";"4,505803108";NA;"5,37";2040;"-5,62";"17,46100044";"447,7633362";"6,41";2061;"-4,7";"24,83519936";"378,1419983";"7,37";1852;"-4,74";"-39,35000229";"265,7900085";""
"620881_16";"-2";"APT";"";4;"Thur";"Forets";"Forets";1;1;1;25;NA;2;1;1;"";2016;999850;6766629;"";7;NA;949573;2336196;1204;560;1204;311;"";"4,505803108";NA;"5,37";2040;"-5,62";"17,46100044";"447,7633362";"6,41";2061;"-4,7";"24,83519936";"378,1419983";"7,37";1852;"-4,74";"-39,35000229";"265,7900085";""
"620891_16";"-2";"APT";"";4;"Thur";"Forets";"Forets";1;1;1;10;NA;2;1;1;"";2016;999613;6767207;"";7;NA;949331;2336772;1066;600;1066;294;"";"4,382493019";NA;"5,37";2040;"-5,62";"17,46100044";"447,7633362";"6,41";2061;"-4,7";"24,83519936";"378,1419983";"7,37";1852;"-4,74";"-39,35000229";"265,7900085";""
"620911_16";"-2";"APT";"";4;"Thur";"Forets";"Forets";1;1;1;18;"Lebourgeois";1;1;1;"";2016;999590;6767189;"";7;NA;949308;2336754;1063;510;1063;313;"";"4,3085289";NA;"5,37";2040;"-5,62";"17,46100044";"447,7633362";"6,41";2061;"-4,7";"24,83519936";"378,1419983";"7,37";1852;"-4,74";"-39,35000229";"265,7900085";""
"620921_16";"-2";"APT";"";4;"Thur";"Forets";"Forets";1;1;1;31;"Lebourgeois";1;1;1;"";2016;999831;6766586;"";7;NA;949554;2336153;1207;460;1207;335;"";"4,441662312";NA;"5,37";2040;"-5,62";"17,46100044";"447,7633362";"6,41";2061;"-4,7";"24,83519936";"378,1419983";"7,37";1852;"-4,74";"-39,35000229";"265,7900085";""
"620931_16";"-2";"APT";"";4;"Thur";"Forets";"Forets";1;1;1;28;"Lebourgeois";1;1;1;"";2016;999463;6769026;"";7;NA;949165;2338591;1150;495;1150;227;"";"4,364823818";NA;"5,35";2102;"-5,64";"22,90133286";"467,6326599";"6,39";2135;"-4,72";"29,39680099";"400,7220154";"7,34";1892;"-4,77";"-34,31999969";"270,7740173";""
"620941_16";"-2";"APT";"";4;"Thur";"Forets";"Forets";1;1;1;45;"Lebourgeois";1;1;1;"";2016;995029;6769392;"";7;NA;944725;2338919;564;500;564;109;"";"5,220739841";NA;"7,89";1956;"-3,57";"-14,61033249";"285,2319946";"8,99";1999;"-2,41";"-0,653200269";"223,3188019";"9,76";1895;"-2,1";"-67,87200165";"126,7460022";""
"620971_16";"-2";"APT";"";4;"Thur";"Forets";"Forets";1;1;1;30;NA;2;1;1;"";2016;995387;6765058;"";7;NA;945121;2334585;561;500;561;57;"";"5,045314789";NA;"8,11";1691;"-3,61";"-22,14933395";"205,5083313";"9,16";1719;"-2,53";"-15,27799988";"133,128006";"10,18";1627;"-2,2";"-81,88800049";"37,00999832";""
"620981_16";"-2";"APT";"";4;"Thur";"Forets";"Forets";1;1;1;25;NA;2;1;1;"";2016;995319;6765025;"";7;NA;945053;2334551;578;565;565;345;"";"4,944985867";NA;"8,11";1691;"-3,61";"-22,14933395";"205,5083313";"9,16";1719;"-2,53";"-15,27799988";"133,128006";"10,18";1627;"-2,2";"-81,88800049";"37,00999832";""
"620991_16";"-2";"APT";"";4;"Thur";"Forets";"Forets";1;1;1;21;NA;2;1;1;"";2016;995014;6769238;"";7;NA;944711;2338765;555;530;530;115;"";"5,146402359";NA;"7,89";1956;"-3,57";"-14,61033249";"285,2319946";"8,99";1999;"-2,41";"-0,653200269";"223,3188019";"9,76";1895;"-2,1";"-67,87200165";"126,7460022";""
"621011_16";"-2";"APT";"";4;"Thur";"Forets";"Forets";1;1;1;34;NA;2;1;1;"";2016;1001259;6757498;"";7;NA;951062;2327070;513;420;513;313;"";"4,860839367";NA;"7,82";1403;"-3,95";"-30,07799911";"107,2713318";"8,87";1393;"-2,87";"-32,69440079";"31,34519958";"9,91";1297;"-2,56";"-89,97599792";"-56,12800217";""
"621021_16";"-2";"APT";"";4;"Thur";"Forets";"Forets";1;1;1;26;NA;2;1;1;"";2016;1001029;6757771;"";7;NA;950830;2327342;481;470;470;28;"";"4,601120949";NA;"8,11";1466;"-3,57";"-35,5593338";"92,15100098";"9,19";1469;"-2,41";"-35,66199875";"22,87440109";"10,13";1364;"-2,05";"-90,95200348";"-64,08599854";""
"621031_16";"-2";"APT";"";4;"Thur";"Forets";"Forets";1;1;1;28;NA;2;1;1;"";2016;1001102;6757875;"";7;NA;950902;2327446;487;470;470;169;"";"5,043410301";NA;"8,11";1466;"-3,57";"-35,5593338";"92,15100098";"9,19";1469;"-2,41";"-35,66199875";"22,87440109";"10,13";1364;"-2,05";"-90,95200348";"-64,08599854";""
"621041_16";"-2";"APT";"";4;"Thur";"Forets";"Forets";1;1;1;25;NA;2;1;1;"";2016;1000580;6757137;"";7;NA;950386;2326703;517;480;480;219;"";"5,202546597";NA;"7,8";1410;"-4,04";"-27,45433235";"125,0630035";"8,83";1401;"-3";"-28,31040001";"45,77959824";"9,92";1329;"-2,71";"-90,13999939";"-33,04199982";""
"621051_16";"-2";"APT";"";4;"Thur";"Forets";"Forets";1;1;1;29;NA;2;1;1;"";2016;1000834;6757220;"";7;NA;950639;2326789;499;510;510;144;"";"4,826069355";NA;"7,8";1410;"-4,04";"-27,45433235";"125,0630035";"8,83";1401;"-3";"-28,31040001";"45,77959824";"9,92";1329;"-2,71";"-90,13999939";"-33,04199982";""
"621061_16";"-2";"APT";"";4;"Thur";"Forets";"Forets";1;1;1;16;NA;2;1;1;"";2016;1000906;6756994;"";7;NA;950713;2326563;532;480;532;278;"";"5,46989727";NA;"7,8";1410;"-4,04";"-27,45433235";"125,0630035";"8,83";1401;"-3";"-28,31040001";"45,77959824";"9,92";1329;"-2,71";"-90,13999939";"-33,04199982";""
"621111_16";"-2";"APT";"";4;"Thur";"Forets";"Forets";1;1;1;18;NA;2;1;1;"";2016;1009547;6755498;"";7;NA;959373;2325141;435;415;415;197;"";"5,464337349";NA;"8,84";1090;"-2,87";"-53,93333435";"-69,03333282";"9,96";1076;"-1,56";"-58,84600067";"-128,6587982";"10,83";1001;"-1,06";"-100,2699966";"-194,4340057";""
"621151_16";"-2";"APT";"";4;"Thur";"Forets";"Forets";1;1;1;19;"Gegout";1;1;1;"";2016;1009646;6755599;"";7;NA;959472;2325243;478;600;478;154;"";"5,436069012";NA;"8,41";1167;"-3,1";"-51,64966583";"-44,6926651";"9,55";1159;"-1,77";"-54,62559891";"-104,0984039";"10,37";1080;"-1,33";"-97,85600281";"-163,4459991";""
"621161_16";"-2";"APT";"";4;"Thur";"Forets";"Forets";1;1;1;40;NA;2;1;1;"";2016;1009688;6755620;"";7;NA;959513;2325264;478;400;478;154;"";"5,436069012";NA;"8,41";1167;"-3,1";"-51,64966583";"-44,6926651";"9,55";1159;"-1,77";"-54,62559891";"-104,0984039";"10,37";1080;"-1,33";"-97,85600281";"-163,4459991";""
"621211_16";"-2";"APT";"";4;"Thur";"Forets";"Forets";1;1;1;27;NA;2;1;1;"";2016;1010093;6755526;"";7;NA;959920;2325174;505;580;505;221;"";"5,190355778";NA;"8,41";1167;"-3,1";"-51,64966583";"-44,6926651";"9,55";1159;"-1,77";"-54,62559891";"-104,0984039";"10,37";1080;"-1,33";"-97,85600281";"-163,4459991";""
"621221_16";"-2";"APT";"";4;"Thur";"Forets";"Forets";1;1;1;32;NA;2;1;1;"";2016;1010211;6755392;"";7;NA;960039;2325041;475;580;475;183;"";"5,426118851";NA;"8,84";1090;"-2,87";"-53,93333435";"-69,03333282";"9,96";1076;"-1,56";"-58,84600067";"-128,6587982";"10,83";1001;"-1,06";"-100,2699966";"-194,4340057";""
"621231_16";"-2";"APT";"";4;"Thur";"Forets";"Forets";1;1;1;26;NA;2;1;1;"";2016;1010455;6753935;"";7;NA;960296;2323585;323;620;323;149;"";"6,471264839";NA;"9,33";992;"-2,44";"-64,41867065";"-129,8356628";"10,46";978;"-1,09";"-68,30879974";"-185,1475983";"11,31";914;"-0,52";"-106,9459991";"-239,2840118";""
"621241_16";"-2";"APT";"";4;"Thur";"Forets";"Forets";1;1;1;21;NA;2;1;1;"";2016;1004341;6755319;"";7;NA;954165;2324917;413;710;413;138;"";"4,873427391";NA;"8,8";1293;"-3,07";"-42,39533234";"23,31966591";"9,89";1280;"-1,84";"-46,78079987";"-43,63360214";"10,83";1187;"-1,37";"-94";"-127,1720047";""
"621251_16";"-2";"APT";"";4;"Thur";"Forets";"Forets";1;1;1;15;"Jabiol";1;1;1;"";2016;1004160;6755360;"";7;NA;953984;2324956;435;710;435;143;"";"5,586810589";NA;"8,58";1328;"-3,27";"-39,85533524";"41,99866486";"9,66";1316;"-2,08";"-43,04240036";"-26,15279961";"10,64";1225;"-1,65";"-94,37000275";"-109,5660019";""
"621261_16";"-2";"APT";"";4;"Thur";"Forets";"Forets";1;1;1;45;"Jabiol";1;1;1;"";2016;1001815;6762456;"";7;NA;951576;2332037;580;720;580;110;"";"5,189706802";NA;"8,05";1678;"-3,44";"-29,74899864";"156,8616638";"9,16";1695;"-2,22";"-25,4503994";"89,72280121";"9,99";1592;"-1,88";"-80,97599792";"7,678001404";""
"621271_16";"-2";"APT";"";4;"Thur";"Forets";"Forets";1;1;1;40;"Jabiol";1;1;1;"";2016;1001821;6762543;"";7;NA;951581;2332124;584;780;584;116;"";"5,244168282";NA;"7,41";1813;"-3,82";"-21,64266777";"223,6363373";"8,54";1836;"-2,59";"-14,15919971";"155,5220032";"9,3";1745;"-2,33";"-71,28600311";"89,51599121";""
"621341_16";"-2";"APT";"";4;"Thur";"Forets";"Forets";1;1;1;26;NA;2;1;1;"";2016;1002349;6762542;"";7;NA;952109;2332128;736;665;736;304;"";"4,777438641";NA;"7,16";1766;"-4,24";"-13,67666626";"254,7806702";"8,24";1773;"-3,13";"-6,769600391";"181,7171936";"9,15";1679;"-2,92";"-68,95600128";"105,2280045";""
"621351_16";"-2";"APT";"";4;"Thur";"Forets";"Forets";1;1;1;21;NA;2;1;1;"";2016;1002390;6762988;"";7;NA;952146;2332574;671;660;660;170;"";"4,891671658";NA;"7,16";1766;"-4,24";"-13,67666626";"254,7806702";"8,24";1773;"-3,13";"-6,769600391";"181,7171936";"9,15";1679;"-2,92";"-68,95600128";"105,2280045";""
"621441_16";"-2";"APT";"";4;"Thur";"Forets";"Forets";1;1;1;15;NA;2;1;1;"";2016;996304;6763519;"";7;NA;946052;2333053;582;620;620;62;"";"4,845525265";NA;"8,57";1642;"-3,14";"-32,64599991";"141,8336639";"9,65";1670;"-1,96";"-27,64959908";"78,45120239";"10,53";1557;"-1,55";"-84,76000214";"-16,04000473";""
"621451_16";"-2";"APT";"";4;"Thur";"Forets";"Forets";1;1;1;25;NA;2;1;1;"";2016;996437;6763212;"";7;NA;946187;2332747;602;635;635;139;"";"4,525465012";NA;"8,57";1642;"-3,14";"-32,64599991";"141,8336639";"9,65";1670;"-1,96";"-27,64959908";"78,45120239";"10,53";1557;"-1,55";"-84,76000214";"-16,04000473";""
"630811_16";"-2";"APT";"";4;"Thur";"Forets";"Forets";1;1;1;24;NA;2;1;1;"";2016;1005390;6751735;"";7;NA;955246;2321339;466;470;470;164;"";"5,422372341";NA;"8,75";1151;"-2,91";"-53,11633301";"-50,97999954";"9,87";1145;"-1,6";"-56,43119812";"-108,8175964";"10,72";1065;"-1,12";"-99,62999725";"-177,3939972";""
"630821_16";"-2";"APT";"";4;"Thur";"Forets";"Forets";1;1;1;32;NA;2;1;1;"";2016;1005250;6751805;"";7;NA;955105;2321408;512;500;500;146;"";"5,347185135";NA;"8,75";1151;"-2,91";"-53,11633301";"-50,97999954";"9,87";1145;"-1,6";"-56,43119812";"-108,8175964";"10,72";1065;"-1,12";"-99,62999725";"-177,3939972";""
"630841_16";"-2";"APT";"";4;"Thur";"Forets";"Forets";1;1;1;30;NA;2;1;1;"";2016;1005186;6751858;"";7;NA;955041;2321460;544;505;505;166;"";"5,259016037";NA;"8,4";1209;"-3,17";"-50,75099945";"-28,06333351";"9,52";1207;"-1,89";"-52,88240051";"-84,29039764";"10,36";1121;"-1,46";"-98,47399902";"-151,1539917";""
"631121_16";"-2";"APT";"";4;"Thur";"Forets";"Forets";1;1;1;4;NA;2;1;1;"";2016;1000009;6754969;"";7;NA;949833;2324529;1095;1100;1100;53;"";"4,710594177";NA;"5,74";1653;"-5,37";"-10,75099945";"268,8493347";"6,8";1663;"-4,38";"-5,184800148";"195,9900055";"7,75";1599;"-4,36";"-69,81600189";"148,7259979";""
"730211_17";"-2";"APT";"";4;"Thur";"Forets";"Forets";1;1;1;15;"Gegout";1;1;1;"";2017;995353;6768672;"";7;NA;NA;NA;612;623;623;34;"";"5,30400753";NA;"7,84";1909;"-3,67";"-15,43233299";"273,8396606";"8,93";1947;"-2,53";"-2,611200571";"209,4687958";"9,75";1844;"-2,24";"-69,09600067";"106,75";""
"730231_17";"-2";"APT";"";4;"Thur";"Forets";"Forets";1;1;1;18;"Gegout";1;1;1;"";2017;995366;6768650;"";7;NA;NA;NA;612;633;633;34;"";"5,30400753";NA;"7,84";1909;"-3,67";"-15,43233299";"273,8396606";"8,93";1947;"-2,53";"-2,611200571";"209,4687958";"9,75";1844;"-2,24";"-69,09600067";"106,75";""
"730241_17";"-2";"APT";"";4;"Thur";"Forets";"Forets";1;1;1;7;"Gegout";1;1;1;"";2017;995298;6768475;"";7;NA;NA;NA;608;594;594;277;"";"5,009522915";NA;"8,11";1946;"-3,37";"-18,97933388";"259,6100159";"9,21";1991;"-2,18";"-7,0291996";"198,9860077";"9,96";1873;"-1,83";"-68,60800171";"96,75";""
"730251_17";"-2";"APT";"";4;"Thur";"Forets";"Forets";1;1;1;11;NA;2;1;1;"";2017;995284;6768439;"";7;NA;NA;NA;583;595;595;274;"";"4,942851067";NA;"8,11";1946;"-3,37";"-18,97933388";"259,6100159";"9,21";1991;"-2,18";"-7,0291996";"198,9860077";"9,96";1873;"-1,83";"-68,60800171";"96,75";""
"730271_17";"-2";"APT";"";4;"Thur";"Forets";"Forets";1;1;1;13;NA;2;1;1;"";2017;995361;6768069;"";7;NA;NA;NA;612;611;611;199;"";"5,556345463";NA;"8,11";1946;"-3,37";"-18,97933388";"259,6100159";"9,21";1991;"-2,18";"-7,0291996";"198,9860077";"9,96";1873;"-1,83";"-68,60800171";"96,75";""
"730281_17";"-2";"APT";"";4;"Thur";"Forets";"Forets";1;1;1;33;NA;2;1;1;"";2017;995293;6767977;"";7;NA;NA;NA;551;541;541;230;"";"5,758961678";NA;"8,11";1946;"-3,37";"-18,97933388";"259,6100159";"9,21";1991;"-2,18";"-7,0291996";"198,9860077";"9,96";1873;"-1,83";"-68,60800171";"96,75";""
"730331_17";"-2";"APT";"";4;"Thur";"Forets";"Forets";1;1;1;16;NA;2;1;1;"";2017;994861;6766616;"";7;NA;NA;NA;747;755;755;79;"";"4,407190323";NA;"7,69";1783;"-3,97";"-12,98366642";"272,7573242";"8,72";1817;"-2,96";"-2,44080019";"201,5232086";"9,74";1731;"-2,69";"-72,41999817";"106,8380051";""
"730411_17";"-2";"APT";"";4;"Thur";"Forets";"Forets";1;1;1;32;"Lebourgeois";1;1;1;"";2017;1007460;6754611;"";7;NA;NA;NA;385;385;385;254;"";"5,432864666";NA;"8,62";1175;"-3,04";"-49,07033157";"-33,48399734";"9,75";1163;"-1,74";"-53,46120071";"-94,65599823";"10,6";1072;"-1,28";"-97,90599823";"-166,9119873";""
"730421_17";"-2";"APT";"";4;"Thur";"Forets";"Forets";1;1;1;24;"Lebourgeois";1;1;1;"";2017;1007458;6754695;"";7;NA;NA;NA;387;458;458;251;"";"5,469366074";NA;"8,62";1175;"-3,04";"-49,07033157";"-33,48399734";"9,75";1163;"-1,74";"-53,46120071";"-94,65599823";"10,6";1072;"-1,28";"-97,90599823";"-166,9119873";""
"730431_17";"-2";"APT";"";4;"Thur";"Forets";"Forets";1;1;1;39;"Lebourgeois";1;1;1;"";2017;1007422;6754605;"";7;NA;NA;NA;388;394;394;123;"";"5,561537266";NA;"8,62";1175;"-3,04";"-49,07033157";"-33,48399734";"9,75";1163;"-1,74";"-53,46120071";"-94,65599823";"10,6";1072;"-1,28";"-97,90599823";"-166,9119873";""
"730451_17";"-2";"APT";"";4;"Thur";"Forets";"Forets";1;1;1;45;NA;2;1;1;"";2017;1007566;6754482;"";7;NA;NA;NA;415;409;409;308;"";"5,58697176";NA;"8,99";1139;"-2,7";"-53,34999847";"-60,40000153";"10,12";1129;"-1,36";"-57,75080109";"-119,816803";"10,95";1046;"-0,84";"-99,55799866";"-188,6900024";""
"730461_17";"-2";"APT";"";4;"Thur";"Forets";"Forets";1;1;1;31;NA;2;1;1;"";2017;1007554;6754551;"";7;NA;NA;NA;429;451;451;252;"";"5,637169838";NA;"8,62";1175;"-3,04";"-49,07033157";"-33,48399734";"9,75";1163;"-1,74";"-53,46120071";"-94,65599823";"10,6";1072;"-1,28";"-97,90599823";"-166,9119873";""
"730471_17";"-2";"APT";"";4;"Thur";"Forets";"Forets";1;1;1;18;NA;2;1;1;"";2017;1007957;6754230;"";7;NA;NA;NA;587;591;591;115;"";"5,006070614";NA;"8,99";1139;"-2,7";"-53,34999847";"-60,40000153";"10,12";1129;"-1,36";"-57,75080109";"-119,816803";"10,95";1046;"-0,84";"-99,55799866";"-188,6900024";""
"730521_17";"-2";"APT";"";4;"Thur";"Forets";"Forets";1;1;1;21;NA;2;1;1;"";2017;1003177;6753914;"";7;NA;NA;NA;544;558;558;313;"";"4,795894623";NA;"7,82";1352;"-3,88";"-31,98666573";"89,7009964";"8,9";1346;"-2,76";"-32,45880127";"18,70280075";"9,9";1280;"-2,45";"-91,78799438";"-52,54799652";""
"730531_17";"-2";"APT";"";4;"Thur";"Forets";"Forets";1;1;1;18;NA;2;1;1;"";2017;1002665;6753610;"";7;NA;NA;NA;539;542;542;144;"";"4,958749294";NA;"7,82";1352;"-3,88";"-31,98666573";"89,7009964";"8,9";1346;"-2,76";"-32,45880127";"18,70280075";"9,9";1280;"-2,45";"-91,78799438";"-52,54799652";""
"730541_17";"-2";"APT";"";4;"Thur";"Forets";"Forets";1;1;1;24;"Lebourgeois";1;1;1;"";2017;1002049;6753501;"";7;NA;NA;NA;727;725;725;82;"";"5,135744095";NA;"7,52";1500;"-3,84";"-32,74533463";"118,1606674";"8,63";1511;"-2,63";"-28,78199959";"53,25600052";"9,47";1454;"-2,33";"-86,05400085";"8,795998573";""
"730551_17";"-2";"APT";"";4;"Thur";"Forets";"Forets";1;1;1;32;"Lebourgeois";1;1;1;"";2017;1002156;6754691;"";7;NA;NA;NA;730;750;750;82;"";"5,173079967";NA;"6,7";1465;"-4,7";"-22,25933266";"170,7160034";"7,77";1465;"-3,64";"-19,77079964";"98,31439972";"8,75";1410;"-3,48";"-81,7539978";"39,4260025";""
"730561_17";"-2";"APT";"";4;"Thur";"Forets";"Forets";1;1;1;14;"Lebourgeois";1;1;1;"";2017;1002666;6754386;"";7;NA;NA;NA;591;619;619;174;"";"4,98433876";NA;"7,82";1352;"-3,88";"-31,98666573";"89,7009964";"8,9";1346;"-2,76";"-32,45880127";"18,70280075";"9,9";1280;"-2,45";"-91,78799438";"-52,54799652";""
"730651_17";"-2";"APT";"";4;"Thur";"Forets";"Forets";1;1;1;39;NA;2;1;1;"";2017;996505;6758020;"";7;NA;NA;NA;573;574;574;103;"";"4,858496189";NA;"7,49";1569;"-4,28";"-19,41566658";"198,7089996";"8,52";1576;"-3,29";"-15,50479984";"117,657196";"9,62";1506;"-3,05";"-84,72599792";"35,15399933";""
"730661_17";"-2";"APT";"";4;"Thur";"Forets";"Forets";1;1;1;42;NA;2;1;1;"";2017;996558;6758300;"";7;NA;NA;NA;559;NA;559;288;"";"5,220090866";NA;"7,49";1569;"-4,28";"-19,41566658";"198,7089996";"8,52";1576;"-3,29";"-15,50479984";"117,657196";"9,62";1506;"-3,05";"-84,72599792";"35,15399933";""
"730711_17";"-2";"APT";"";4;"Thur";"Forets";"Forets";1;1;1;40;NA;2;1;1;"";2017;999258;6758842;"";7;NA;NA;NA;543;544;544;311;"";"5,584229469";NA;"7,77";1456;"-3,92";"-29,58699989";"123,7526703";"8,84";1457;"-2,83";"-30,44039917";"50,68239975";"9,84";1351;"-2,54";"-87,66400146";"-40,81200027";""
"730721_17";"-2";"APT";"";4;"Thur";"Forets";"Forets";1;1;1;17;NA;2;1;1;"";2017;999194;6758632;"";7;NA;NA;NA;602;583;583;321;"";"4,946144104";NA;"8,09";1486;"-3,69";"-32,24900055";"117,3499985";"9,15";1494;"-2,59";"-31,40439987";"44,75320053";"10,15";1395;"-2,25";"-90,27799988";"-44,95199585";""
"730731_17";"-2";"APT";"";4;"Thur";"Forets";"Forets";1;1;1;28;NA;2;1;1;"";2017;999497;6758706;"";7;NA;NA;NA;643;632;632;265;"";"4,599018097";NA;"7,77";1456;"-3,92";"-29,58699989";"123,7526703";"8,84";1457;"-2,83";"-30,44039917";"50,68239975";"9,84";1351;"-2,54";"-87,66400146";"-40,81200027";""
"730741_17";"-2";"APT";"";4;"Thur";"Forets";"Forets";1;1;1;21;NA;2;1;1;"";2017;999887;6759665;"";7;NA;NA;NA;591;593;593;308;"";"5,163009644";NA;"8,39";1423;"-3,49";"-34,30833435";"92,85099792";"9,44";1418;"-2,38";"-36,06800079";"18,53240204";"10,48";1313;"-2";"-91,09200287";"-75,02199554";""
"730841_17";"-2";"APT";"";4;"Thur";"Forets";"Forets";1;1;1;33;NA;2;1;1;"";2017;1000790;6761662;"";7;NA;NA;NA;716;702;702;169;"";"5,227360725";NA;"7,87";1705;"-3,45";"-31,76433372";"154,5073395";"9,01";1728;"-2,19";"-27,43039894";"92,05039978";"9,75";1610;"-1,86";"-78,33200073";"12,58800125";""
"730911_17";"-2";"APT";"";4;"Thur";"Forets";"Forets";1;1;1;29;NA;2;1;1;"";2017;996636;6766398;"";7;NA;NA;NA;619;622;622;83;"";"4,898268223";NA;"7,87";1870;"-3,54";"-22,06166649";"232,6516571";"8,98";1909;"-2,35";"-13,43600082";"170,1172028";"9,79";1781;"-2,04";"-73,03200531";"65,33799744";""
"730921_17";"-2";"APT";"";4;"Thur";"Forets";"Forets";1;1;1;54;NA;2;1;1;"";2017;996418;6766366;"";7;NA;NA;NA;606;603;603;274;"";"5,017300129";NA;"7,87";1870;"-3,54";"-22,06166649";"232,6516571";"8,98";1909;"-2,35";"-13,43600082";"170,1172028";"9,79";1781;"-2,04";"-73,03200531";"65,33799744";""
"730931_17";"-2";"APT";"";4;"Thur";"Forets";"Forets";1;1;1;35;NA;2;1;1;"";2017;996409;6766270;"";7;NA;NA;NA;604;610;610;280;"";"5,196759701";NA;"7,87";1870;"-3,54";"-22,06166649";"232,6516571";"8,98";1909;"-2,35";"-13,43600082";"170,1172028";"9,79";1781;"-2,04";"-73,03200531";"65,33799744";""
"730941_17";"-2";"APT";"";4;"Thur";"Forets";"Forets";1;1;1;42;NA;2;1;1;"";2017;996412;6766243;"";7;NA;NA;NA;611;610;610;278;"";"5,224471092";NA;"7,87";1870;"-3,54";"-22,06166649";"232,6516571";"8,98";1909;"-2,35";"-13,43600082";"170,1172028";"9,79";1781;"-2,04";"-73,03200531";"65,33799744";""
"731011_17";"-2";"APT";"";4;"Thur";"Forets";"Forets";1;1;1;15;NA;2;1;1;"";2017;1002443;6764340;"";7;NA;NA;NA;1163;1173;1173;171;"";"4,43513298";NA;"6,43";2069;"-4,57";"-2,065999985";"350,8176575";"7,56";2082;"-3,39";"5,877999783";"282,5151978";"8,31";1891;"-3,27";"-54,11399841";"191,6660004";""
"731021_17";"-2";"APT";"";4;"Thur";"Forets";"Forets";1;1;1;13;NA;2;1;1;"";2017;1002417;6764397;"";7;NA;NA;NA;1182;1181;1181;238;"";"4,3015728";NA;"6,43";2069;"-4,57";"-2,065999985";"350,8176575";"7,56";2082;"-3,39";"5,877999783";"282,5151978";"8,31";1891;"-3,27";"-54,11399841";"191,6660004";""
"731061_17";"-2";"APT";"";4;"Thur";"Forets";"Forets";1;1;1;18;NA;2;1;1;"";2017;1006611;6762922;"";7;NA;NA;NA;1249;1249;1249;208;"";"4,225993633";NA;"5,44";2035;"-5,46";"15,86166668";"422,0563354";"6,52";2015;"-4,38";"17,12520027";"346,7260132";"7,36";1842;"-4,4";"-37,34799957";"273,6040039";""
"731111_17";"-2";"APT";"";4;"Thur";"Forets";"Forets";1;1;1;35;NA;2;1;1;"";2017;994657;6764944;"";7;NA;NA;NA;663;679;679;138;"";"4,582158566";NA;"7,34";1785;"-4,02";"-17,36333275";"253,8699951";"8,42";1826;"-2,95";"-6,90639925";"184,7315979";"9,32";1756;"-2,7";"-74,25799561";"110,2859955";""
"731121_17";"-2";"APT";"";4;"Thur";"Forets";"Forets";1;1;1;48;NA;2;1;1;"";2017;994590;6764858;"";7;NA;NA;NA;659;654;654;168;"";"4,686574936";NA;"7,34";1785;"-4,02";"-17,36333275";"253,8699951";"8,42";1826;"-2,95";"-6,90639925";"184,7315979";"9,32";1756;"-2,7";"-74,25799561";"110,2859955";""
"731131_17";"-2";"APT";"";4;"Thur";"Forets";"Forets";1;1;1;12;NA;2;1;1;"";2017;994397;6764796;"";7;NA;NA;NA;660;682;682;97;"";"4,889123917";NA;"7,34";1785;"-4,02";"-17,36333275";"253,8699951";"8,42";1826;"-2,95";"-6,90639925";"184,7315979";"9,32";1756;"-2,7";"-74,25799561";"110,2859955";""
"731141_17";"-2";"APT";"";4;"Thur";"Forets";"Forets";1;1;1;46;NA;2;1;1;"";2017;994247;6764778;"";7;NA;NA;NA;689;682;682;92;"";"5,362979412";NA;"7,34";1785;"-4,02";"-17,36333275";"253,8699951";"8,42";1826;"-2,95";"-6,90639925";"184,7315979";"9,32";1756;"-2,7";"-74,25799561";"110,2859955";""
"731151_17";"-2";"APT";"";4;"Thur";"Forets";"Forets";1;1;1;13;NA;2;1;1;"";2017;995248;6764735;"";7;NA;NA;NA;690;662;662;327;"";"4,718032837";NA;"8,11";1691;"-3,61";"-22,14933395";"205,5083313";"9,16";1719;"-2,53";"-15,27799988";"133,128006";"10,18";1627;"-2,2";"-81,88800049";"37,00999832";""
